Workbook

Sheet 00_HuongDan
A1: TÍNH IRT 1PL (RASCH) BẰNG EXCEL — JMLE, công thức sống
A3: Dữ liệu: đề 4561803381 — 1037 học sinh × 48 item (24 trắc nghiệm MC + 24 ý Đúng/Sai TF).
A4: Mục đích: minh hoạ MINH BẠCH cách ước lượng độ khó b và năng lực θ của mô hình Rasch.
A6: MÔ HÌNH RASCH: P(θ) = 1 / (1 + e^-(θ - b)) — xác suất trả lời đúng (mục 1.4 tài liệu lý thuyết).
A8: PHƯƠNG PHÁP JMLE (Joint Maximum Likelihood) — lặp Newton, xem '03_Lap_JMLE_*':
A9: Khởi tạo (log-odds): b0 = ln((Nsai+0.3)/(Nđúng+0.3)), θ0 = ln((R+0.3)/(M-R+0.3)); rồi canh tâm b ← b - mean(b).
A10: Mỗi vòng:
A11: θ ← θ + (R - ΣP) / Σ P(1-P) (cập nhật năng lực từng HS; R=điểm, tổng trên câu ĐÃ làm)
A12: b ← b + (ΣP - S) / Σ P(1-P) (cập nhật độ khó từng item; S=số HS đúng) → canh tâm b ← b - mean(b)
A13: Mẹo Excel: Σ P(1-P) không cần lưới riêng — dùng SUMPRODUCT gói P; ô trống tự bị loại nhờ điều kiện (ô <> "").
A15: ĐỘ CHÍNH XÁC (mục 1.7): Thông tin I(θ)=Σ P(1-P); Sai số chuẩn SE(θ)=1/√I(θ). Tương tự SE(b)=1/√Σ P(1-P).
A17: ĐIỂM THỰC / TCC (mục 3.6): τ(θ)=Σ P_j(θ) = kỳ vọng số câu đúng; đường TCC nối thang θ (trừu tượng) với 'số câu đúng' (quen thuộc).
... A36: • 2PL/3PL KHÔNG dựng trong Excel thuần (phải ước lượng độ phân biệt a / đoán mò c từng câu) — chỉ làm 1PL.

Sheet 01_Data
A1: iduser | B1: 208493209536 | C1: 208493412207 | D1: 208493634375 | E1: 208493806712 | F1: 208494503646 | G1: 208495066643 | H1: 208495459130 | I1: 208495984573 | J1: 208496326564 | K1: 208497043631 | L1: 208497697530 | M1: 208497947837 | N1: 208498680706 | O1: 208498750254 | P1: 208500103341 | Q1: 208500538567 | R1: 208501397853 | S1: 208501882621 | T1: 208502464537 | U1: 208518915377 | V1: 208519541200 | W1: 208519949207 | X1: 208520832930 | Y1: 208521276474 | Z1: 208529022568_a | AA1: 208529022568_b | AB1: 208529022568_c | AC1: 208529022568_d | AD1: 208560377855_a | AE1: 208560377855_b | AF1: 208560377855_c | AG1: 208560377855_d | AH1: 208572448723_a | AI1: 208572448723_b | AJ1: 208572448723_c | AK1: 208572448723_d | AL1: 208572588199_a | AM1: 208572588199_b | AN1: 208572588199_c | AO1: 208572588199_d | AP1: 208572673790_a | AQ1: 208572673790_b | AR1: 208572673790_c | AS1: 208572673790_d | AT1: 208576851532_a | AU1: 208576851532_b | AV1: 208576851532_c | AW1: 208576851532_d
A2: 15540277583874 | B2: 1 | C2: 0 | D2: 1 | E2: 1 | F2: 1 | G2: 0 | H2: 1 | I2: 0 | J2: 1 | K2: 0 | L2: 1 | M2: 0 | N2: 0 | O2: 1 | P2: 0 | Q2: 0 | R2: 0 | S2: 0 | T2: 0 | U2: 0 | V2: 0 | W2: 0 | X2: 0 | Y2: 0 | Z2: 0 | AA2: 0 | AB2: 0 | AC2: 0 | AD2: 0 | AE2: 0 | AF2: 0 | AG2: 0 | AH2: 0 | AI2: 0 | AJ2: 0 | AK2: 0 | AL2: 0 | AM2: 0 | AN2: 0 | AO2: 0
A3: 15764388581922 | B3: 1 | C3: 1 | D3: 0 | E3: 1 | F3: 1 | G3: 1 | H3: 1 | I3: 1 | J3: 1 | K3: 0 | L3: 1 | M3: 1 | N3: 1 | O3: 1 | P3: 1 | Q3: 1 | R3: 1 | S3: 1 | T3: 1 | U3: 1 | V3: 1 | W3: 1 | X3: 1 | Y3: 1 | Z3: 1 | AA3: 1 | AB3: 1 | AC3: 1 | AH3: 1 | AI3: 1 | AJ3: 1 | AK3: 1 | AP3: 0 | AQ3: 0 | AR3: 0 | AS3: 1 | AT3: 1 | AU3: 1 | AV3: 1 | AW3: 1
A4: 15764389367618 | B4: 1 | C4: 1 | D4: 0 | E4: 1 | F4: 1 | G4: 1 | H4: 1 | I4: 1 | J4: 1 | K4: 0 | L4: 1 | M4: 1 | N4: 1 | O4: 1 | P4: 1 | Q4: 0 | R4: 1 | S4: 1 | T4: 1 | U4: 0 | V4: 1 | W4: 0 | X4: 0 | Y4: 1 | Z4: 1 | AA4: 1 | AB4: 1 | AC4: 1 | AD4: 1 | AE4: 1 | AF4: 1 | AG4: 1 | AH4: 1 | AI4: 1 | AJ4: 1 | AK4: 1 | AL4: 1 | AM4: 1 | AN4: 1 | AO4: 1
A5: 15764389862692 | B5: 1 | C5: 1 | D5: 1 | E5: 1 | F5: 1 | G5: 1 | H5: 1 | I5: 1 | J5: 1 | K5: 1 | L5: 1 | M5: 1 | N5: 1 | O5: 1 | P5: 1 | Q5: 1 | R5: 1 | S5: 0 | T5: 1 | U5: 1 | V5: 1 | W5: 1 | X5: 1 | Y5: 0 | Z5: 1 | AA5: 1 | AB5: 1 | AC5: 1 | AH5: 1 | AI5: 0 | AJ5: 1 | AK5: 1 | AP5: 0 | AQ5: 1 | AR5: 0 | AS5: 0 | AT5: 1 | AU5: 1 | AV5: 1 | AW5: 1
A6: 15764390159150 | B6: 1 | C6: 0 | D6: 0 | E6: 1 | F6: 1 | G6: 1 | H6: 0 | I6: 1 | J6: 1 | K6: 1 | L6: 1 | M6: 1 | N6: 1 | O6: 0 | P6: 1 | Q6: 0 | R6: 1 | S6: 1 | T6: 1 | U6: 1 | V6: 1 | W6: 0 | X6: 1 | Y6: 0 | Z6: 1 | AA6: 1 | AB6: 1 | AC6: 1 | AH6: 1 | AI6: 1 | AJ6: 1 | AK6: 1 | AP6: 0 | AQ6: 0 | AR6: 0 | AS6: 1 | AT6: 1 | AU6: 1 | AV6: 1 | AW6: 1
A7: 15764390311756 | B7: 1 | C7: 0 | D7: 1 | E7: 1 | F7: 1 | G7: 0 | H7: 0 | I7: 1 | J7: 1 | K7: 1 | L7: 1 | M7: 1 | N7: 1 | O7: 1 | P7: 1 | Q7: 0 | R7: 1 | S7: 1 | T7: 0 | U7: 1 | V7: 1 | W7: 0 | X7: 0 | Y7: 1 | Z7: 1 | AA7: 1 | AB7: 1 | AC7: 1 | AH7: 1 | AI7: 1 | AJ7: 1 | AK7: 0 | AP7: 0 | AQ7: 1 | AR7: 0 | AS7: 0 | AT7: 1 | AU7: 0 | AV7: 0 | AW7: 1
A8: 15764390467409 | B8: 1 | C8: 0 | D8: 0 | E8: 1 | F8: 0 | G8: 0 | H8: 0 | I8: 1 | J8: 1 | K8: 1 | L8: 1 | M8: 1 | N8: 1 | O8: 1 | P8: 0 | Q8: 0 | R8: 0 | S8: 0 | T8: 0 | U8: 1 | V8: 1 | W8: 0 | X8: 0 | Y8: 0 | Z8: 1 | AA8: 1 | AB8: 1 | AC8: 1 | AH8: 1 | AI8: 0 | AJ8: 0 | AK8: 0 | AP8: 1 | AQ8: 1 | AR8: 0 | AS8: 1 | AT8: 1 | AU8: 0 | AV8: 1 | AW8: 1
A9: 15764391262752 | B9: 1 | C9: 1 | D9: 1 | E9: 1 | F9: 1 | G9: 1 | H9: 1 | I9: 1 | J9: 1 | K9: 0 | L9: 1 | M9: 0 | N9: 1 | O9: 1 | P9: 1 | Q9: 1 | R9: 1 | S9: 0 | T9: 1 | U9: 0 | V9: 1 | W9: 1 | X9: 0 | Y9: 1 | Z9: 1 | AA9: 1 | AB9: 1 | AC9: 1 | AH9: 0 | AI9: 0 | AJ9: 0 | AK9: 0 | AP9: 0 | AQ9: 1 | AR9: 0 | AS9: 0 | AT9: 1 | AU9: 1 | AV9: 1 | AW9: 0
A10: 15764391798843 | B10: 1 | C10: 1 | D10: 1 | E10: 1 | F10: 1 | G10: 1 | H10: 1 | I10: 1 | J10: 1 | K10: 1 | L10: 1 | M10: 0 | N10: 1 | O10: 1 | P10: 0 | Q10: 0 | R10: 1 | S10: 1 | T10: 1 | U10: 1 | V10: 0 | W10: 1 | X10: 1 | Y10: 1 | Z10: 1 | AA10: 1 | AB10: 1 | AC10: 1 | AH10: 1 | AI10: 1 | AJ10: 1 | AK10: 1 | AP10: 1 | AQ10: 1 | AR10: 0 | AS10: 0 | AT10: 1 | AU10: 1 | AV10: 1 | AW10: 1
A11: 15804254532858 | B11: 1 | C11: 0 | D11: 1 | E11: 0 | F11: 0 | G11: 0 | H11: 0 | I11: 1 | J11: 1 | K11: 1 | L11: 1 | M11: 0 | N11: 1 | O11: 1 | P11: 0 | Q11: 0 | R11: 1 | S11: 1 | T11: 1 | U11: 0 | V11: 1 | W11: 0 | X11: 0 | Y11: 1 | Z11: 0 | AA11: 1 | AB11: 0 | AC11: 1 | AD11: 0 | AE11: 0 | AF11: 0 | AG11: 0 | AH11: 1 | AI11: 0 | AJ11: 0 | AK11: 1 | AL11: 0 | AM11: 0 | AN11: 0 | AO11: 0
A12: 15807473377907 | B12: 1 | C12: 0 | D12: 1 | E12: 1 | F12: 1 | G12: 0 | H12: 0 | I12: 1 | J12: 1 | K12: 1 | L12: 1 | M12: 1 | N12: 1 | O12: 0 | P12: 0 | Q12: 1 | R12: 1 | S12: 1 | T12: 1 | U12: 0 | V12: 0 | W12: 0 | X12: 0 | Y12: 0 | Z12: 1 | AA12: 0 | AB12: 0 | AC12: 0 | AH12: 1 | AI12: 0 | AJ12: 1 | AK12: 1 | AP12: 1 | AQ12: 1 | AR12: 0 | AS12: 1 | AT12: 1 | AU12: 1 | AV12: 1 | AW12: 1
A13: 15811404757372 | B13: 1 | C13: 0 | D13: 0 | E13: 1 | F13: 1 | G13: 0 | H13: 1 | I13: 1 | J13: 1 | K13: 0 | L13: 1 | M13: 0 | N13: 1 | O13: 1 | P13: 0 | Q13: 0 | R13: 1 | S13: 1 | T13: 0 | U13: 0 | V13: 0 | W13: 0 | X13: 0 | Y13: 0 | Z13: 0 | AA13: 0 | AB13: 0 | AC13: 0 | AD13: 0 | AE13: 0 | AF13: 0 | AG13: 0 | AH13: 0 | AI13: 0 | AJ13: 0 | AK13: 0 | AL13: 0 | AM13: 0 | AN13: 0 | AO13: 0
A14: 15813817884992 | B14: 1 | C14: 0 | D14: 1 | E14: 1 | F14: 1 | G14: 1 | H14: 1 | I14: 0 | J14: 1 | K14: 1 | L14: 1 | M14: 1 | N14: 1 | O14: 1 | P14: 0 | Q14: 1 | R14: 1 | S14: 1 | T14: 1 | U14: 1 | V14: 1 | W14: 0 | X14: 0 | Y14: 0 | Z14: 1 | AA14: 1 | AB14: 1 | AC14: 1 | AH14: 1 | AI14: 1 | AJ14: 1 | AK14: 1 | AP14: 0 | AQ14: 1 | AR14: 0 | AS14: 1 | AT14: 1 | AU14: 1 | AV14: 1 | AW14: 1
A15: 15813834176636 | B15: 1 | C15: 1 | D15: 1 | E15: 1 | F15: 0 | G15: 1 | H15: 1 | I15: 0 | J15: 1 | K15: 1 | L15: 1 | M15: 1 | N15: 1 | O15: 1 | P15: 0 | Q15: 1 | R15: 1 | S15: 1 | T15: 0 | U15: 1 | V15: 1 | W15: 1 | X15: 1 | Y15: 0 | Z15: 0 | AA15: 1 | AB15: 1 | AC15: 0 | AH15: 1 | AI15: 1 | AJ15: 0 | AK15: 1 | AP15: 0 | AQ15: 0 | AR15: 0 | AS15: 1 | AT15: 1 | AU15: 0 | AV15: 0 | AW15: 1
A16: 15813834515232 | B16: 1 | C16: 0 | D16: 0 | E16: 1 | F16: 1 | G16: 0 | H16: 0 | I16: 0 | J16: 1 | K16: 1 | L16: 1 | M16: 1 | N16: 1 | O16: 0 | P16: 0 | Q16: 0 | R16: 1 | S16: 1 | T16: 1 | U16: 0 | V16: 1 | W16: 0 | X16: 0 | Y16: 0 | Z16: 0 | AA16: 1 | AB16: 1 | AC16: 1 | AH16: 1 | AI16: 1 | AJ16: 0 | AK16: 0 | AP16: 1 | AQ16: 1 | AR16: 0 | AS16: 1 | AT16: 1 | AU16: 1 | AV16: 1 | AW16: 1
A17: 15813835269355 | B17: 1 | C17: 0 | D17: 1 | E17: 1 | F17: 1 | G17: 0 | H17: 0 | I17: 1 | J17: 1 | K17: 0 | L17: 1 | M17: 1 | N17: 1 | O17: 1 | P17: 1 | Q17: 1 | R17: 1 | S17: 0 | T17: 1 | U17: 1 | V17: 1 | W17: 1 | X17: 1 | Y17: 0 | Z17: 1 | AA17: 1 | AB17: 1 | AC17: 1 | AH17: 1 | AI17: 1 | AJ17: 0 | AK17: 1 | AP17: 0 | AQ17: 1 | AR17: 0 | AS17: 0 | AT17: 1 | AU17: 1 | AV17: 1 | AW17: 1
A18: 15813836152589 | B18: 1 | C18: 1 | D18: 1 | E18: 1 | F18: 1 | G18: 1 | H18: 1 | I18: 1 | J18: 1 | K18: 0 | L18: 1 | M18: 1 | N18: 1 | O18: 0 | P18: 1 | Q18: 1 | R18: 1 | S18: 0 | T18: 1 | U18: 0 | V18: 1 | W18: 0 | X18: 0 | Y18: 0 | Z18: 1 | AA18: 1 | AB18: 1 | AC18: 1 | AD18: 0 | AE18: 0 | AF18: 0 | AG18: 0 | AH18: 1 | AI18: 1 | AJ18: 1 | AK18: 1 | AL18: 0 | AM18: 0 | AN18: 0 | AO18: 0
A19: 15813836418152 | B19: 1 | C19: 1 | D19: 1 | E19: 1 | F19: 1 | G19: 1 | H19: 1 | I19: 1 | J19: 1 | K19: 1 | L19: 1 | M19: 0 | N19: 1 | O19: 0 | P19: 1 | Q19: 0 | R19: 1 | S19: 1 | T19: 1 | U19: 1 | V19: 1 | W19: 1 | X19: 0 | Y19: 0 | Z19: 1 | AA19: 1 | AB19: 1 | AC19: 1 | AH19: 1 | AI19: 1 | AJ19: 1 | AK19: 1 | AP19: 0 | AQ19: 1 | AR19: 0 | AS19: 1 | AT19: 1 | AU19: 1 | AV19: 1 | AW19: 1
A20: 15813836562925 | B20: 1 | C20: 1 | D20: 1 | E20: 0 | F20: 0 | G20: 1 | H20: 1 | I20: 1 | J20: 1 | K20: 1 | L20: 0 | M20: 0 | N20: 1 | O20: 1 | P20: 1 | Q20: 0 | R20: 1 | S20: 1 | T20: 0 | U20: 0 | V20: 0 | W20: 1 | X20: 1 | Y20: 0 | Z20: 0 | AA20: 1 | AB20: 0 | AC20: 1 | AH20: 1 | AI20: 0 | AJ20: 0 | AK20: 1 | AP20: 0 | AQ20: 1 | AR20: 0 | AS20: 1 | AT20: 1 | AU20: 0 | AV20: 1 | AW20: 1
A21: 15813836698625 | B21: 1 | C21: 1 | D21: 1 | E21: 1 | F21: 1 | G21: 1 | H21: 0 | I21: 1 | J21: 1 | K21: 1 | L21: 1 | M21: 1 | N21: 1 | O21: 1 | P21: 1 | Q21: 1 | R21: 1 | S21: 1 | T21: 1 | U21: 0 | V21: 1 | W21: 1 | X21: 1 | Y21: 1 | Z21: 1 | AA21: 1 | AB21: 0 | AC21: 1 | AH21: 1 | AI21: 0 | AJ21: 1 | AK21: 1 | AP21: 1 | AQ21: 1 | AR21: 0 | AS21: 1 | AT21: 1 | AU21: 1 | AV21: 1 | AW21: 1
A22: 15813836853037 | B22: 1 | C22: 1 | D22: 0 | E22: 1 | F22: 1 | G22: 1 | H22: 1 | I22: 1 | J22: 1 | K22: 0 | L22: 1 | M22: 1 | N22: 1 | O22: 1 | P22: 1 | Q22: 1 | R22: 1 | S22: 1 | T22: 1 | U22: 0 | V22: 1 | W22: 1 | X22: 1 | Y22: 1 | Z22: 1 | AA22: 1 | AB22: 1 | AC22: 1 | AH22: 1 | AI22: 1 | AJ22: 1 | AK22: 1 | AP22: 0 | AQ22: 1 | AR22: 0 | AS22: 1 | AT22: 1 | AU22: 1 | AV22: 1 | AW22: 1
A23: 15813836942213 | B23: 0 | C23: 0 | D23: 0 | E23: 0 | F23: 0 | G23: 0 | H23: 0 | I23: 0 | J23: 0 | K23: 0 | L23: 0 | M23: 0 | N23: 0 | O23: 0 | P23: 0 | Q23: 0 | R23: 0 | S23: 0 | T23: 0 | U23: 0 | V23: 0 | W23: 0 | X23: 0 | Y23: 0 | Z23: 0 | AA23: 0 | AB23: 0 | AC23: 0 | AD23: 0 | AE23: 0 | AF23: 0 | AG23: 0 | AH23: 0 | AI23: 0 | AJ23: 0 | AK23: 0 | AL23: 0 | AM23: 0 | AN23: 0 | AO23: 0
A24: 15813837029549 | B24: 0 | C24: 0 | D24: 0 | E24: 1 | F24: 1 | G24: 0 | H24: 0 | I24: 0 | J24: 0 | K24: 0 | L24: 1 | M24: 0 | N24: 1 | O24: 0 | P24: 1 | Q24: 1 | R24: 1 | S24: 1 | T24: 0 | U24: 0 | V24: 1 | W24: 1 | X24: 0 | Y24: 1 | Z24: 1 | AA24: 1 | AB24: 1 | AC24: 1 | AH24: 1 | AI24: 1 | AJ24: 0 | AK24: 1 | AP24: 0 | AQ24: 1 | AR24: 1 | AS24: 1 | AT24: 1 | AU24: 0 | AV24: 0 | AW24: 0
A25: 15813837425218 | B25: 0 | C25: 0 | D25: 1 | E25: 0 | F25: 1 | G25: 1 | H25: 0 | I25: 1 | J25: 1 | K25: 1 | L25: 1 | M25: 0 | N25: 1 | O25: 0 | P25: 0 | Q25: 0 | R25: 1 | S25: 0 | T25: 0 | U25: 0 | V25: 1 | W25: 0 | X25: 0 | Y25: 0 | Z25: 0 | AA25: 0 | AB25: 0 | AC25: 1 | AH25: 1 | AI25: 0 | AJ25: 1 | AK25: 0 | AP25: 1 | AQ25: 0 | AR25: 0 | AS25: 1 | AT25: 1 | AU25: 1 | AV25: 1 | AW25: 1
A26: 15813837549840 | B26: 0 | C26: 1 | D26: 0 | E26: 1 | F26: 1 | G26: 1 | H26: 1 | I26: 1 | J26: 1 | K26: 1 | L26: 1 | M26: 0 | N26: 1 | O26: 1 | P26: 0 | Q26: 0 | R26: 1 | S26: 0 | T26: 1 | U26: 1 | V26: 1 | W26: 0 | X26: 1 | Y26: 1 | Z26: 1 | AA26: 1 | AB26: 0 | AC26: 1 | AH26: 1 | AI26: 1 | AJ26: 0 | AK26: 1 | AP26: 0 | AQ26: 1 | AR26: 1 | AS26: 1 | AT26: 1 | AU26: 0 | AV26: 1 | AW26: 0
A27: 15813837731418 | B27: 1 | C27: 0 | D27: 1 | E27: 0 | F27: 0 | G27: 0 | H27: 1 | I27: 1 | J27: 1 | K27: 1 | L27: 1 | M27: 0 | N27: 1 | O27: 1 | P27: 0 | Q27: 1 | R27: 1 | S27: 1 | T27: 1 | U27: 0 | V27: 1 | W27: 0 | X27: 0 | Y27: 0 | Z27: 1 | AA27: 1 | AB27: 0 | AC27: 0 | AH27: 1 | AI27: 0 | AJ27: 0 | AK27: 1 | AP27: 1 | AQ27: 0 | AR27: 0 | AS27: 1 | AT27: 1 | AU27: 0 | AV27: 1 | AW27: 1
A28: 15813837911584 | B28: 1 | C28: 1 | D28: 0 | E28: 1 | F28: 1 | G28: 1 | H28: 1 | I28: 1 | J28: 1 | K28: 1 | L28: 1 | M28: 0 | N28: 1 | O28: 1 | P28: 1 | Q28: 1 | R28: 1 | S28: 1 | T28: 1 | U28: 0 | V28: 1 | W28: 1 | X28: 1 | Y28: 1 | Z28: 0 | AA28: 0 | AB28: 1 | AC28: 1 | AH28: 1 | AI28: 0 | AJ28: 0 | AK28: 0 | AP28: 1 | AQ28: 0 | AR28: 1 | AS28: 1 | AT28: 1 | AU28: 0 | AV28: 0 | AW28: 0
A29: 15813838066017 | B29: 1 | C29: 0 | D29: 1 | E29: 0 | F29: 0 | G29: 1 | H29: 1 | I29: 1 | J29: 1 | K29: 1 | L29: 1 | M29: 0 | N29: 1 | O29: 0 | P29: 0 | Q29: 0 | R29: 0 | S29: 0 | T29: 0 | U29: 0 | V29: 1 | W29: 0 | X29: 0 | Y29: 1 | Z29: 0 | AA29: 1 | AB29: 1 | AC29: 1 | AH29: 1 | AI29: 1 | AJ29: 0 | AK29: 1 | AP29: 1 | AQ29: 1 | AR29: 0 | AS29: 1 | AT29: 1 | AU29: 1 | AV29: 1 | AW29: 1
A30: 15813838164392 | B30: 1 | C30: 0 | D30: 0 | E30: 1 | F30: 1 | G30: 0 | H30: 0 | I30: 0 | J30: 1 | K30: 1 | L30: 0 | M30: 1 | N30: 0 | O30: 0 | P30: 0 | Q30: 1 | R30: 1 | S30: 1 | T30: 0 | U30: 0 | V30: 1 | W30: 1 | X30: 0 | Y30: 0 | Z30: 0 | AA30: 1 | AB30: 1 | AC30: 1 | AH30: 0 | AI30: 1 | AJ30: 0 | AK30: 1 | AP30: 0 | AQ30: 0 | AR30: 0 | AS30: 1 | AT30: 1 | AU30: 1 | AV30: 1 | AW30: 1
A31: 15813838212711 | B31: 0 | C31: 1 | D31: 0 | E31: 0 | F31: 0 | G31: 0 | H31: 1 | I31: 1 | J31: 0 | K31: 0 | L31: 0 | M31: 1 | N31: 1 | O31: 0 | P31: 0 | Q31: 0 | R31: 0 | S31: 0 | T31: 1 | U31: 1 | V31: 0 | W31: 0 | X31: 1 | Y31: 0 | Z31: 0 | AA31: 1 | AB31: 0 | AC31: 1 | AH31: 0 | AI31: 0 | AJ31: 0 | AK31: 0 | AP31: 1 | AQ31: 1 | AR31: 0 | AS31: 1 | AT31: 0 | AU31: 0 | AV31: 1 | AW31: 0
A32: 15813838376485 | B32: 1 | C32: 0 | D32: 1 | E32: 1 | F32: 1 | G32: 1 | H32: 1 | I32: 1 | J32: 1 | K32: 1 | L32: 1 | M32: 1 | N32: 1 | O32: 1 | P32: 1 | Q32: 1 | R32: 1 | S32: 1 | T32: 0 | U32: 1 | V32: 1 | W32: 1 | X32: 1 | Y32: 0 | Z32: 1 | AA32: 1 | AB32: 1 | AC32: 1 | AH32: 1 | AI32: 1 | AJ32: 0 | AK32: 1 | AP32: 0 | AQ32: 1 | AR32: 1 | AS32: 0 | AT32: 1 | AU32: 1 | AV32: 1 | AW32: 1
A33: 15813838581109 | B33: 0 | C33: 0 | D33: 1 | E33: 1 | F33: 1 | G33: 0 | H33: 0 | I33: 0 | J33: 1 | K33: 1 | L33: 1 | M33: 0 | N33: 1 | O33: 1 | P33: 0 | Q33: 0 | R33: 0 | S33: 1 | T33: 0 | U33: 0 | V33: 1 | W33: 0 | X33: 0 | Y33: 0 | Z33: 0 | AA33: 1 | AB33: 0 | AC33: 1 | AH33: 1 | AI33: 0 | AJ33: 0 | AK33: 1 | AP33: 0 | AQ33: 1 | AR33: 0 | AS33: 1 | AT33: 1 | AU33: 0 | AV33: 1 | AW33: 1
A34: 15813838636693 | B34: 1 | C34: 0 | D34: 0 | E34: 1 | F34: 1 | G34: 0 | H34: 0 | I34: 0 | J34: 1 | K34: 1 | L34: 1 | M34: 1 | N34: 1 | O34: 0 | P34: 0 | Q34: 1 | R34: 1 | S34: 0 | T34: 1 | U34: 0 | V34: 1 | W34: 0 | X34: 1 | Y34: 0 | Z34: 1 | AA34: 1 | AB34: 1 | AC34: 0 | AH34: 1 | AI34: 1 | AJ34: 0 | AK34: 1 | AP34: 0 | AQ34: 1 | AR34: 0 | AS34: 1 | AT34: 1 | AU34: 1 | AV34: 1 | AW34: 1
A35: 15813838912964 | B35: 0 | C35: 0 | D35: 0 | E35: 0 | F35: 0 | G35: 0 | H35: 1 | I35: 0 | J35: 1 | K35: 0 | L35: 1 | M35: 0 | N35: 1 | O35: 0 | P35: 1 | Q35: 0 | R35: 1 | S35: 0 | T35: 1 | U35: 0 | V35: 0 | W35: 1 | X35: 0 | Y35: 0 | Z35: 0 | AA35: 1 | AB35: 0 | AC35: 1 | AH35: 1 | AI35: 0 | AJ35: 0 | AK35: 1 | AP35: 0 | AQ35: 1 | AR35: 1 | AS35: 0 | AT35: 1 | AU35: 0 | AV35: 1 | AW35: 0
... A49: 15813843373126 | B49: 1 | C49: 1 | D49: 1 | E49: 0 | F49: 1 | G49: 0 | H49: 0 | I49: 0 | J49: 1 | K49: 1 | L49: 1 | M49: 1 | N49: 1 | O49: 1 | P49: 0 | Q49: 0 | R49: 1 | S49: 1 | T49: 0 | U49: 0 | V49: 0 | W49: 0 | X49: 0 | Y49: 0 | Z49: 1 | AA49: 0 | AB49: 0 | AC49: 1 | AH49: 1 | AI49: 0 | AJ49: 0 | AK49: 0 | AP49: 1 | AQ49: 1 | AR49: 1 | AS49: 1 | AT49: 1 | AU49: 0 | AV49: 1 | AW49: 1
A50: 15813845765482 | B50: 0 | C50: 0 | D50: 0 | E50: 0 | F50: 0 | G50: 0 | H50: 0 | I50: 0 | J50: 1 | K50: 0 | L50: 1 | M50: 0 | N50: 0 | O50: 0 | P50: 0 | Q50: 0 | R50: 1 | S50: 0 | T50: 0 | U50: 0 | V50: 0 | W50: 0 | X50: 0 | Y50: 0 | Z50: 0 | AA50: 0 | AB50: 0 | AC50: 0 | AD50: 0 | AE50: 0 | AF50: 0 | AG50: 0 | AH50: 0 | AI50: 0 | AJ50: 0 | AK50: 0 | AL50: 0 | AM50: 0 | AN50: 0 | AO50: 0
A51: 15813864363687 | B51: 1 | C51: 1 | D51: 1 | E51: 1 | F51: 1 | G51: 1 | H51: 1 | I51: 0 | J51: 1 | K51: 1 | L51: 1 | M51: 1 | N51: 1 | O51: 1 | P51: 0 | Q51: 1 | R51: 1 | S51: 1 | T51: 1 | U51: 1 | V51: 1 | W51: 1 | X51: 1 | Y51: 1 | Z51: 1 | AA51: 1 | AB51: 1 | AC51: 1 | AH51: 1 | AI51: 1 | AJ51: 1 | AK51: 1 | AP51: 0 | AQ51: 1 | AR51: 0 | AS51: 1 | AT51: 1 | AU51: 0 | AV51: 1 | AW51: 1
A52: 15813867832894 | B52: 1 | C52: 0 | D52: 1 | E52: 1 | F52: 0 | G52: 1 | H52: 0 | I52: 0 | J52: 1 | K52: 1 | L52: 1 | M52: 0 | N52: 1 | O52: 1 | P52: 0 | Q52: 0 | R52: 1 | S52: 1 | T52: 0 | U52: 1 | V52: 0 | W52: 0 | X52: 1 | Y52: 1 | Z52: 0 | AA52: 1 | AB52: 0 | AC52: 0 | AD52: 0 | AE52: 0 | AF52: 0 | AG52: 0 | AH52: 0 | AI52: 1 | AJ52: 0 | AK52: 1 | AL52: 0 | AM52: 0 | AN52: 0 | AO52: 0
A53: 15813868065255 | B53: 1 | C53: 1 | D53: 0 | E53: 1 | F53: 1 | G53: 1 | H53: 0 | I53: 1 | J53: 1 | K53: 1 | L53: 1 | M53: 1 | N53: 1 | O53: 1 | P53: 1 | Q53: 1 | R53: 1 | S53: 1 | T53: 0 | U53: 0 | V53: 1 | W53: 1 | X53: 1 | Y53: 0 | Z53: 0 | AA53: 1 | AB53: 1 | AC53: 0 | AH53: 1 | AI53: 0 | AJ53: 0 | AK53: 0 | AP53: 1 | AQ53: 0 | AR53: 0 | AS53: 1 | AT53: 1 | AU53: 0 | AV53: 0 | AW53: 1
A54: 158476935386 | B54: 0 | C54: 0 | D54: 0 | E54: 0 | F54: 0 | G54: 0 | H54: 0 | I54: 0 | J54: 0 | K54: 0 | L54: 0 | M54: 0 | N54: 0 | O54: 0 | P54: 0 | Q54: 0 | R54: 0 | S54: 0 | T54: 0 | U54: 0 | V54: 0 | W54: 0 | X54: 0 | Y54: 0 | Z54: 0 | AA54: 0 | AB54: 0 | AC54: 0 | AD54: 0 | AE54: 0 | AF54: 0 | AG54: 0 | AH54: 0 | AI54: 0 | AJ54: 0 | AK54: 0 | AL54: 0 | AM54: 0 | AN54: 0 | AO54: 0
A55: 15952520413370 | B55: 0 | C55: 1 | D55: 0 | E55: 1 | F55: 1 | G55: 1 | H55: 0 | I55: 1 | J55: 1 | K55: 1 | L55: 1 | M55: 0 | N55: 1 | O55: 1 | P55: 1 | Q55: 0 | R55: 1 | S55: 1 | T55: 1 | U55: 0 | V55: 1 | W55: 0 | X55: 0 | Y55: 0 | Z55: 1 | AA55: 1 | AB55: 1 | AC55: 1 | AH55: 1 | AI55: 1 | AJ55: 0 | AK55: 1 | AP55: 1 | AQ55: 1 | AR55: 0 | AS55: 0 | AT55: 1 | AU55: 1 | AV55: 1 | AW55: 0
A56: 16066654516916 | B56: 1 | C56: 0 | D56: 0 | E56: 1 | F56: 0 | G56: 0 | H56: 0 | I56: 1 | J56: 1 | K56: 0 | L56: 0 | M56: 0 | N56: 1 | O56: 0 | P56: 0 | Q56: 0 | R56: 1 | S56: 0 | T56: 0 | U56: 0 | V56: 1 | W56: 0 | X56: 0 | Y56: 0 | Z56: 0 | AA56: 0 | AB56: 0 | AC56: 1 | AH56: 0 | AI56: 0 | AJ56: 0 | AK56: 1 | AP56: 0 | AQ56: 1 | AR56: 1 | AS56: 1 | AT56: 1 | AU56: 1 | AV56: 1 | AW56: 1
A57: 16066657156876 | B57: 1 | C57: 1 | D57: 0 | E57: 0 | F57: 1 | G57: 1 | H57: 1 | I57: 0 | J57: 1 | K57: 0 | L57: 1 | M57: 0 | N57: 1 | O57: 1 | P57: 1 | Q57: 0 | R57: 1 | S57: 1 | T57: 1 | U57: 1 | V57: 0 | W57: 1 | X57: 0 | Y57: 0 | Z57: 0 | AA57: 0 | AB57: 0 | AC57: 0 | AD57: 1 | AE57: 0 | AF57: 1 | AG57: 1 | AH57: 1 | AI57: 1 | AJ57: 0 | AK57: 1 | AL57: 0 | AM57: 1 | AN57: 0 | AO57: 1
A58: 16066657425375 | B58: 1 | C58: 1 | D58: 1 | E58: 1 | F58: 1 | G58: 1 | H58: 1 | I58: 1 | J58: 1 | K58: 1 | L58: 1 | M58: 1 | N58: 1 | O58: 1 | P58: 1 | Q58: 1 | R58: 1 | S58: 1 | T58: 1 | U58: 1 | V58: 1 | W58: 1 | X58: 1 | Y58: 0 | Z58: 1 | AA58: 1 | AB58: 1 | AC58: 1 | AD58: 1 | AE58: 1 | AF58: 0 | AG58: 1 | AH58: 1 | AI58: 1 | AJ58: 1 | AK58: 1 | AL58: 1 | AM58: 0 | AN58: 1 | AO58: 1
A59: 16066658325441 | B59: 1 | C59: 1 | D59: 1 | E59: 0 | F59: 1 | G59: 1 | H59: 1 | I59: 1 | J59: 1 | K59: 1 | L59: 0 | M59: 0 | N59: 1 | O59: 0 | P59: 0 | Q59: 1 | R59: 0 | S59: 1 | T59: 1 | U59: 1 | V59: 0 | W59: 1 | X59: 0 | Y59: 1 | Z59: 0 | AA59: 0 | AB59: 0 | AC59: 1 | AD59: 0 | AE59: 0 | AF59: 1 | AG59: 1 | AH59: 0 | AI59: 1 | AJ59: 0 | AK59: 1 | AL59: 0 | AM59: 0 | AN59: 1 | AO59: 0
A60: 16356720917693 | B60: 1 | C60: 1 | D60: 0 | E60: 1 | F60: 1 | G60: 1 | H60: 0 | I60: 0 | J60: 1 | K60: 1 | L60: 1 | M60: 1 | N60: 1 | O60: 1 | P60: 0 | Q60: 1 | R60: 1 | S60: 1 | T60: 1 | U60: 1 | V60: 0 | W60: 1 | X60: 1 | Y60: 1 | Z60: 1 | AA60: 1 | AB60: 1 | AC60: 1 | AH60: 1 | AI60: 1 | AJ60: 1 | AK60: 1 | AP60: 0 | AQ60: 1 | AR60: 0 | AS60: 1 | AT60: 1 | AU60: 1 | AV60: 1 | AW60: 0
A61: 16364972490792 | B61: 0 | C61: 0 | D61: 1 | E61: 0 | F61: 0 | G61: 0 | H61: 0 | I61: 1 | J61: 1 | K61: 1 | L61: 1 | M61: 1 | N61: 1 | O61: 0 | P61: 1 | Q61: 1 | R61: 1 | S61: 1 | T61: 1 | U61: 0 | V61: 0 | W61: 1 | X61: 0 | Y61: 0 | Z61: 0 | AA61: 0 | AB61: 1 | AC61: 1 | AH61: 0 | AI61: 0 | AJ61: 1 | AK61: 1 | AP61: 0 | AQ61: 0 | AR61: 1 | AS61: 1 | AT61: 1 | AU61: 1 | AV61: 1 | AW61: 1
A62: 16364972576152 | B62: 1 | C62: 0 | D62: 1 | E62: 0 | F62: 0 | G62: 0 | H62: 0 | I62: 1 | J62: 1 | K62: 0 | L62: 1 | M62: 0 | N62: 0 | O62: 0 | P62: 0 | Q62: 0 | R62: 1 | S62: 0 | T62: 0 | U62: 0 | V62: 1 | W62: 0 | X62: 0 | Y62: 0 | Z62: 0 | AA62: 1 | AB62: 1 | AC62: 1 | AH62: 0 | AI62: 1 | AJ62: 0 | AK62: 1 | AP62: 1 | AQ62: 1 | AR62: 1 | AS62: 1 | AT62: 1 | AU62: 1 | AV62: 0 | AW62: 1
A63: 16364972673773 | B63: 0 | C63: 0 | D63: 0 | E63: 0 | F63: 0 | G63: 1 | H63: 0 | I63: 0 | J63: 1 | K63: 1 | L63: 1 | M63: 0 | N63: 1 | O63: 0 | P63: 0 | Q63: 0 | R63: 1 | S63: 1 | T63: 0 | U63: 0 | V63: 1 | W63: 0 | X63: 0 | Y63: 1 | Z63: 1 | AA63: 1 | AB63: 0 | AC63: 1 | AD63: 1 | AE63: 1 | AF63: 0 | AG63: 1 | AH63: 1 | AI63: 0 | AJ63: 0 | AK63: 1 | AL63: 1 | AM63: 1 | AN63: 0 | AO63: 0
A64: 16364972711539 | B64: 1 | C64: 0 | D64: 1 | E64: 1 | F64: 0 | G64: 0 | H64: 0 | I64: 0 | J64: 1 | K64: 1 | L64: 1 | M64: 0 | N64: 1 | O64: 1 | P64: 1 | Q64: 0 | R64: 1 | S64: 0 | T64: 0 | U64: 0 | V64: 0 | W64: 0 | X64: 1 | Y64: 1 | Z64: 0 | AA64: 1 | AB64: 1 | AC64: 1 | AH64: 0 | AI64: 0 | AJ64: 0 | AK64: 1 | AP64: 0 | AQ64: 0 | AR64: 0 | AS64: 0 | AT64: 1 | AU64: 1 | AV64: 1 | AW64: 1
A65: 16364972963733 | B65: 1 | C65: 0 | D65: 1 | E65: 0 | F65: 0 | G65: 0 | H65: 1 | I65: 1 | J65: 0 | K65: 0 | L65: 1 | M65: 0 | N65: 1 | O65: 0 | P65: 1 | Q65: 1 | R65: 1 | S65: 1 | T65: 0 | U65: 1 | V65: 1 | W65: 0 | X65: 1 | Y65: 1 | Z65: 1 | AA65: 1 | AB65: 1 | AC65: 1 | AH65: 1 | AI65: 0 | AJ65: 0 | AK65: 0 | AP65: 0 | AQ65: 1 | AR65: 1 | AS65: 0 | AT65: 1 | AU65: 0 | AV65: 0 | AW65: 1
A66: 16364973056366 | B66: 1 | C66: 0 | D66: 1 | E66: 0 | F66: 1 | G66: 1 | H66: 0 | I66: 0 | J66: 1 | K66: 1 | L66: 1 | M66: 1 | N66: 1 | O66: 0 | P66: 0 | Q66: 1 | R66: 1 | S66: 0 | T66: 1 | U66: 0 | V66: 0 | W66: 0 | X66: 1 | Y66: 0 | Z66: 1 | AA66: 1 | AB66: 0 | AC66: 1 | AH66: 0 | AI66: 0 | AJ66: 0 | AK66: 1 | AP66: 1 | AQ66: 1 | AR66: 0 | AS66: 1 | AT66: 1 | AU66: 1 | AV66: 1 | AW66: 1
A67: 16364973189494 | B67: 0 | C67: 0 | D67: 1 | E67: 0 | F67: 0 | G67: 0 | H67: 0 | I67: 1 | J67: 1 | K67: 1 | L67: 1 | M67: 1 | N67: 1 | O67: 1 | P67: 0 | Q67: 1 | R67: 1 | S67: 0 | T67: 0 | U67: 1 | V67: 0 | W67: 0 | X67: 0 | Y67: 0 | Z67: 1 | AA67: 0 | AB67: 1 | AC67: 1 | AH67: 1 | AI67: 0 | AJ67: 0 | AK67: 1 | AP67: 0 | AQ67: 1 | AR67: 0 | AS67: 1 | AT67: 1 | AU67: 0 | AV67: 0 | AW67: 1
A68: 16364973284754 | B68: 1 | C68: 0 | D68: 1 | E68: 1 | F68: 0 | G68: 0 | H68: 1 | I68: 0 | J68: 1 | K68: 1 | L68: 1 | M68: 1 | N68: 1 | O68: 0 | P68: 0 | Q68: 1 | R68: 1 | S68: 0 | T68: 0 | U68: 0 | V68: 1 | W68: 0 | X68: 0 | Y68: 0 | Z68: 1 | AA68: 0 | AB68: 1 | AC68: 1 | AD68: 0 | AE68: 0 | AF68: 0 | AG68: 0 | AH68: 1 | AI68: 1 | AJ68: 1 | AK68: 1 | AL68: 0 | AM68: 0 | AN68: 0 | AO68: 0
A69: 16364973367709 | B69: 1 | C69: 0 | D69: 1 | E69: 0 | F69: 0 | G69: 0 | H69: 0 | I69: 1 | J69: 1 | K69: 1 | L69: 1 | M69: 1 | N69: 1 | O69: 0 | P69: 0 | Q69: 0 | R69: 1 | S69: 1 | T69: 1 | U69: 0 | V69: 1 | W69: 0 | X69: 0 | Y69: 1 | Z69: 1 | AA69: 1 | AB69: 0 | AC69: 0 | AH69: 1 | AI69: 1 | AJ69: 1 | AK69: 1 | AP69: 0 | AQ69: 1 | AR69: 0 | AS69: 1 | AT69: 1 | AU69: 1 | AV69: 1 | AW69: 1
A70: 16364973437002 | B70: 0 | C70: 1 | D70: 1 | E70: 0 | F70: 0 | G70: 1 | H70: 1 | I70: 1 | J70: 1 | K70: 0 | L70: 1 | M70: 0 | N70: 0 | O70: 1 | P70: 0 | Q70: 1 | R70: 0 | S70: 1 | T70: 0 | U70: 0 | V70: 1 | W70: 0 | X70: 0 | Y70: 1 | Z70: 0 | AA70: 1 | AB70: 1 | AC70: 1 | AH70: 1 | AI70: 1 | AJ70: 0 | AK70: 0 | AP70: 0 | AQ70: 0 | AR70: 0 | AS70: 1 | AT70: 1 | AU70: 0 | AV70: 0 | AW70: 0
A71: 16364973533179 | B71: 0 | C71: 0 | D71: 1 | E71: 1 | F71: 0 | G71: 1 | H71: 1 | I71: 1 | J71: 1 | K71: 1 | L71: 1 | M71: 1 | N71: 1 | O71: 1 | P71: 0 | Q71: 0 | R71: 1 | S71: 0 | T71: 1 | U71: 1 | V71: 0 | W71: 1 | X71: 0 | Y71: 0 | Z71: 1 | AA71: 1 | AB71: 1 | AC71: 1 | AH71: 1 | AI71: 1 | AJ71: 0 | AK71: 0 | AP71: 1 | AQ71: 1 | AR71: 1 | AS71: 1 | AT71: 1 | AU71: 0 | AV71: 0 | AW71: 1
A72: 16364973675944 | B72: 1 | C72: 0 | D72: 1 | E72: 0 | F72: 1 | G72: 1 | H72: 0 | I72: 0 | J72: 1 | K72: 0 | L72: 0 | M72: 1 | N72: 1 | O72: 1 | P72: 1 | Q72: 0 | R72: 1 | S72: 0 | T72: 0 | U72: 0 | V72: 0 | W72: 0 | X72: 0 | Y72: 0 | Z72: 1 | AA72: 0 | AB72: 0 | AC72: 1 | AH72: 1 | AI72: 1 | AJ72: 0 | AK72: 1 | AP72: 0 | AQ72: 1 | AR72: 1 | AS72: 0 | AT72: 1 | AU72: 1 | AV72: 1 | AW72: 1
A73: 16364973736119 | B73: 0 | C73: 0 | D73: 1 | E73: 0 | F73: 0 | G73: 0 | H73: 0 | I73: 1 | J73: 1 | K73: 0 | L73: 1 | M73: 0 | N73: 0 | O73: 0 | P73: 0 | Q73: 1 | R73: 1 | S73: 0 | T73: 0 | U73: 1 | V73: 0 | W73: 0 | X73: 1 | Y73: 1 | Z73: 0 | AA73: 1 | AB73: 1 | AC73: 1 | AD73: 0 | AE73: 0 | AF73: 0 | AG73: 0 | AH73: 1 | AI73: 0 | AJ73: 1 | AK73: 1 | AL73: 0 | AM73: 0 | AN73: 0 | AO73: 0
A74: 16364973852990 | B74: 0 | C74: 0 | D74: 1 | E74: 0 | F74: 0 | G74: 0 | H74: 0 | I74: 1 | J74: 1 | K74: 1 | L74: 1 | M74: 1 | N74: 1 | O74: 1 | P74: 0 | Q74: 1 | R74: 1 | S74: 0 | T74: 0 | U74: 0 | V74: 0 | W74: 0 | X74: 0 | Y74: 0 | Z74: 1 | AA74: 1 | AB74: 0 | AC74: 0 | AD74: 1 | AE74: 1 | AF74: 0 | AG74: 0 | AH74: 1 | AI74: 1 | AJ74: 0 | AK74: 0 | AL74: 1 | AM74: 1 | AN74: 1 | AO74: 1
A75: 16364973935487 | B75: 1 | C75: 0 | D75: 0 | E75: 1 | F75: 0 | G75: 0 | H75: 0 | I75: 0 | J75: 1 | K75: 0 | L75: 1 | M75: 1 | N75: 1 | O75: 1 | P75: 0 | Q75: 1 | R75: 1 | S75: 1 | T75: 0 | U75: 1 | V75: 1 | W75: 1 | X75: 0 | Y75: 0 | Z75: 1 | AA75: 1 | AB75: 1 | AC75: 1 | AH75: 1 | AI75: 0 | AJ75: 1 | AK75: 0 | AP75: 0 | AQ75: 1 | AR75: 1 | AS75: 1 | AT75: 1 | AU75: 1 | AV75: 1 | AW75: 1
A76: 16364974041420 | B76: 1 | C76: 0 | D76: 0 | E76: 0 | F76: 0 | G76: 0 | H76: 0 | I76: 1 | J76: 0 | K76: 1 | L76: 1 | M76: 0 | N76: 1 | O76: 1 | P76: 1 | Q76: 0 | R76: 1 | S76: 1 | T76: 0 | U76: 1 | V76: 0 | W76: 0 | X76: 1 | Y76: 0 | Z76: 1 | AA76: 0 | AB76: 0 | AC76: 1 | AH76: 1 | AI76: 0 | AJ76: 0 | AK76: 0 | AP76: 0 | AQ76: 1 | AR76: 0 | AS76: 1 | AT76: 1 | AU76: 1 | AV76: 1 | AW76: 1
A77: 16364974175529 | B77: 1 | C77: 0 | D77: 0 | E77: 1 | F77: 0 | G77: 1 | H77: 0 | I77: 1 | J77: 1 | K77: 1 | L77: 1 | M77: 0 | N77: 1 | O77: 1 | P77: 0 | Q77: 0 | R77: 1 | S77: 1 | T77: 0 | U77: 0 | V77: 1 | W77: 0 | X77: 0 | Y77: 0 | Z77: 1 | AA77: 1 | AB77: 1 | AC77: 1 | AH77: 1 | AI77: 1 | AJ77: 1 | AK77: 1 | AP77: 1 | AQ77: 1 | AR77: 0 | AS77: 0 | AT77: 1 | AU77: 1 | AV77: 1 | AW77: 1
A78: 16364974246723 | B78: 1 | C78: 0 | D78: 1 | E78: 0 | F78: 0 | G78: 1 | H78: 0 | I78: 1 | J78: 1 | K78: 1 | L78: 1 | M78: 0 | N78: 1 | O78: 0 | P78: 1 | Q78: 0 | R78: 1 | S78: 1 | T78: 0 | U78: 0 | V78: 1 | W78: 1 | X78: 0 | Y78: 1 | Z78: 1 | AA78: 1 | AB78: 1 | AC78: 1 | AH78: 1 | AI78: 1 | AJ78: 0 | AK78: 1 | AP78: 1 | AQ78: 1 | AR78: 0 | AS78: 1 | AT78: 1 | AU78: 1 | AV78: 1 | AW78: 1
A79: 16364974342902 | B79: 1 | C79: 0 | D79: 1 | E79: 1 | F79: 0 | G79: 0 | H79: 0 | I79: 0 | J79: 0 | K79: 0 | L79: 1 | M79: 0 | N79: 1 | O79: 1 | P79: 1 | Q79: 0 | R79: 1 | S79: 1 | T79: 1 | U79: 1 | V79: 0 | W79: 0 | X79: 1 | Y79: 0 | Z79: 0 | AA79: 1 | AB79: 1 | AC79: 1 | AH79: 1 | AI79: 1 | AJ79: 0 | AK79: 0 | AP79: 0 | AQ79: 1 | AR79: 1 | AS79: 0 | AT79: 1 | AU79: 0 | AV79: 0 | AW79: 1
A80: 16364974473386 | B80: 1 | C80: 0 | D80: 1 | E80: 1 | F80: 0 | G80: 0 | H80: 1 | I80: 1 | J80: 1 | K80: 1 | L80: 1 | M80: 0 | N80: 1 | O80: 1 | P80: 0 | Q80: 0 | R80: 1 | S80: 1 | T80: 1 | U80: 1 | V80: 1 | W80: 0 | X80: 1 | Y80: 0 | Z80: 0 | AA80: 1 | AB80: 1 | AC80: 1 | AH80: 1 | AI80: 1 | AJ80: 1 | AK80: 1 | AP80: 0 | AQ80: 1 | AR80: 1 | AS80: 0 | AT80: 1 | AU80: 1 | AV80: 1 | AW80: 1
A81: 16364974617475 | B81: 0 | C81: 0 | D81: 0 | E81: 0 | F81: 0 | G81: 0 | H81: 0 | I81: 0 | J81: 1 | K81: 1 | L81: 1 | M81: 0 | N81: 1 | O81: 0 | P81: 1 | Q81: 1 | R81: 1 | S81: 0 | T81: 1 | U81: 0 | V81: 0 | W81: 0 | X81: 1 | Y81: 0 | Z81: 1 | AA81: 1 | AB81: 0 | AC81: 1 | AH81: 1 | AI81: 0 | AJ81: 1 | AK81: 1 | AP81: 0 | AQ81: 0 | AR81: 0 | AS81: 1 | AT81: 1 | AU81: 1 | AV81: 1 | AW81: 1
A82: 16364974750030 | B82: 0 | C82: 0 | D82: 1 | E82: 0 | F82: 1 | G82: 0 | H82: 0 | I82: 0 | J82: 1 | K82: 0 | L82: 1 | M82: 1 | N82: 1 | O82: 0 | P82: 0 | Q82: 0 | R82: 1 | S82: 0 | T82: 0 | U82: 0 | V82: 1 | W82: 0 | X82: 0 | Y82: 0 | Z82: 0 | AA82: 1 | AB82: 0 | AC82: 0 | AD82: 1 | AE82: 0 | AF82: 1 | AG82: 1 | AH82: 1 | AI82: 1 | AJ82: 1 | AK82: 0 | AL82: 1 | AM82: 1 | AN82: 1 | AO82: 1
A83: 16364974856428 | B83: 1 | C83: 0 | D83: 0 | E83: 1 | F83: 0 | G83: 0 | H83: 0 | I83: 1 | J83: 1 | K83: 1 | L83: 0 | M83: 0 | N83: 1 | O83: 1 | P83: 1 | Q83: 1 | R83: 1 | S83: 1 | T83: 1 | U83: 1 | V83: 1 | W83: 0 | X83: 1 | Y83: 0 | Z83: 1 | AA83: 0 | AB83: 0 | AC83: 1 | AH83: 1 | AI83: 0 | AJ83: 1 | AK83: 1 | AP83: 1 | AQ83: 1 | AR83: 1 | AS83: 1 | AT83: 1 | AU83: 1 | AV83: 0 | AW83: 1
A84: 16368739497171 | B84: 1 | C84: 0 | D84: 1 | E84: 1 | F84: 1 | G84: 0 | H84: 0 | I84: 0 | J84: 1 | K84: 1 | L84: 1 | M84: 1 | N84: 1 | O84: 1 | P84: 0 | Q84: 0 | R84: 1 | S84: 1 | T84: 1 | U84: 1 | V84: 0 | W84: 0 | X84: 0 | Y84: 1 | Z84: 1 | AA84: 1 | AB84: 1 | AC84: 1 | AD84: 1 | AE84: 0 | AF84: 1 | AG84: 1 | AH84: 1 | AI84: 1 | AJ84: 0 | AK84: 0 | AL84: 0 | AM84: 1 | AN84: 0 | AO84: 1
A85: 16368739927649 | B85: 1 | C85: 1 | D85: 0 | E85: 1 | F85: 1 | G85: 0 | H85: 1 | I85: 1 | J85: 1 | K85: 1 | L85: 1 | M85: 1 | N85: 1 | O85: 1 | P85: 0 | Q85: 0 | R85: 1 | S85: 1 | T85: 1 | U85: 0 | V85: 1 | W85: 1 | X85: 0 | Y85: 0 | Z85: 1 | AA85: 0 | AB85: 0 | AC85: 0 | AD85: 1 | AE85: 0 | AF85: 1 | AG85: 1 | AH85: 1 | AI85: 1 | AJ85: 0 | AK85: 1 | AL85: 1 | AM85: 1 | AN85: 1 | AO85: 0
A86: 16368740090020 | B86: 1 | C86: 0 | D86: 0 | E86: 1 | F86: 1 | G86: 1 | H86: 0 | I86: 1 | J86: 1 | K86: 0 | L86: 1 | M86: 1 | N86: 1 | O86: 1 | P86: 1 | Q86: 1 | R86: 1 | S86: 1 | T86: 0 | U86: 1 | V86: 1 | W86: 1 | X86: 0 | Y86: 0 | Z86: 1 | AA86: 0 | AB86: 1 | AC86: 1 | AD86: 1 | AE86: 1 | AF86: 1 | AG86: 1 | AH86: 1 | AI86: 1 | AJ86: 1 | AK86: 0 | AL86: 1 | AM86: 1 | AN86: 1 | AO86: 1
A87: 16368740322222 | B87: 1 | C87: 1 | D87: 1 | E87: 1 | F87: 1 | G87: 1 | H87: 1 | I87: 1 | J87: 1 | K87: 1 | L87: 1 | M87: 1 | N87: 1 | O87: 1 | P87: 0 | Q87: 1 | R87: 1 | S87: 1 | T87: 0 | U87: 1 | V87: 1 | W87: 1 | X87: 0 | Y87: 1 | Z87: 1 | AA87: 1 | AB87: 1 | AC87: 1 | AH87: 1 | AI87: 1 | AJ87: 1 | AK87: 1 | AP87: 1 | AQ87: 1 | AR87: 0 | AS87: 1 | AT87: 1 | AU87: 1 | AV87: 1 | AW87: 1
A88: 16368741462833 | B88: 1 | C88: 0 | D88: 1 | E88: 1 | F88: 1 | G88: 1 | H88: 1 | I88: 0 | J88: 1 | K88: 1 | L88: 1 | M88: 0 | N88: 1 | O88: 1 | P88: 1 | Q88: 0 | R88: 1 | S88: 1 | T88: 1 | U88: 1 | V88: 1 | W88: 1 | X88: 1 | Y88: 1 | Z88: 1 | AA88: 1 | AB88: 0 | AC88: 0 | AD88: 1 | AE88: 0 | AF88: 1 | AG88: 1 | AH88: 0 | AI88: 0 | AJ88: 0 | AK88: 1 | AL88: 0 | AM88: 0 | AN88: 1 | AO88: 0
A89: 16368741775584 | B89: 1 | C89: 0 | D89: 1 | E89: 1 | F89: 1 | G89: 1 | H89: 0 | I89: 1 | J89: 1 | K89: 1 | L89: 1 | M89: 1 | N89: 1 | O89: 1 | P89: 0 | Q89: 0 | R89: 1 | S89: 1 | T89: 1 | U89: 0 | V89: 1 | W89: 1 | X89: 1 | Y89: 1 | Z89: 1 | AA89: 1 | AB89: 1 | AC89: 1 | AH89: 1 | AI89: 0 | AJ89: 0 | AK89: 1 | AP89: 1 | AQ89: 1 | AR89: 1 | AS89: 1 | AT89: 1 | AU89: 1 | AV89: 1 | AW89: 1
A90: 16368742369647 | B90: 1 | C90: 1 | D90: 0 | E90: 1 | F90: 1 | G90: 1 | H90: 1 | I90: 1 | J90: 1 | K90: 1 | L90: 1 | M90: 1 | N90: 1 | O90: 1 | P90: 0 | Q90: 1 | R90: 1 | S90: 1 | T90: 1 | U90: 1 | V90: 0 | W90: 1 | X90: 1 | Y90: 1 | Z90: 1 | AA90: 1 | AB90: 1 | AC90: 1 | AH90: 1 | AI90: 0 | AJ90: 1 | AK90: 1 | AP90: 0 | AQ90: 1 | AR90: 0 | AS90: 1 | AT90: 1 | AU90: 1 | AV90: 1 | AW90: 1
A91: 16368751454698 | B91: 1 | C91: 0 | D91: 0 | E91: 1 | F91: 1 | G91: 0 | H91: 1 | I91: 1 | J91: 1 | K91: 1 | L91: 1 | M91: 1 | N91: 1 | O91: 1 | P91: 0 | Q91: 1 | R91: 1 | S91: 1 | T91: 1 | U91: 1 | V91: 1 | W91: 1 | X91: 0 | Y91: 0 | Z91: 1 | AA91: 1 | AB91: 0 | AC91: 0 | AH91: 1 | AI91: 1 | AJ91: 0 | AK91: 0 | AP91: 0 | AQ91: 1 | AR91: 1 | AS91: 0 | AT91: 1 | AU91: 1 | AV91: 1 | AW91: 1
A92: 16368751585188 | B92: 1 | C92: 0 | D92: 0 | E92: 0 | F92: 1 | G92: 0 | H92: 0 | I92: 1 | J92: 1 | K92: 1 | L92: 1 | M92: 0 | N92: 0 | O92: 1 | P92: 0 | Q92: 0 | R92: 1 | S92: 1 | T92: 0 | U92: 1 | V92: 0 | W92: 0 | X92: 1 | Y92: 0 | Z92: 0 | AA92: 1 | AB92: 1 | AC92: 0 | AH92: 1 | AI92: 1 | AJ92: 0 | AK92: 1 | AP92: 1 | AQ92: 1 | AR92: 1 | AS92: 1 | AT92: 1 | AU92: 0 | AV92: 0 | AW92: 1
A93: 16368752217762 | B93: 1 | C93: 0 | D93: 1 | E93: 1 | F93: 1 | G93: 1 | H93: 1 | I93: 0 | J93: 1 | K93: 1 | L93: 1 | M93: 1 | N93: 1 | O93: 1 | P93: 0 | Q93: 0 | R93: 1 | S93: 1 | T93: 1 | U93: 0 | V93: 0 | W93: 0 | X93: 0 | Y93: 1 | Z93: 1 | AA93: 1 | AB93: 0 | AC93: 0 | AH93: 1 | AI93: 0 | AJ93: 0 | AK93: 1 | AP93: 0 | AQ93: 1 | AR93: 0 | AS93: 0 | AT93: 1 | AU93: 0 | AV93: 1 | AW93: 0
A94: 16368752389916 | B94: 1 | C94: 1 | D94: 0 | E94: 1 | F94: 1 | G94: 1 | H94: 1 | I94: 1 | J94: 1 | K94: 1 | L94: 1 | M94: 1 | N94: 1 | O94: 1 | P94: 1 | Q94: 1 | R94: 1 | S94: 1 | T94: 1 | U94: 1 | V94: 1 | W94: 1 | X94: 1 | Y94: 1 | Z94: 1 | AA94: 1 | AB94: 1 | AC94: 1 | AH94: 1 | AI94: 1 | AJ94: 1 | AK94: 1 | AP94: 0 | AQ94: 1 | AR94: 0 | AS94: 1 | AT94: 1 | AU94: 1 | AV94: 1 | AW94: 1
A95: 16368752525227 | B95: 1 | C95: 0 | D95: 0 | E95: 0 | F95: 1 | G95: 1 | H95: 0 | I95: 1 | J95: 1 | K95: 1 | L95: 1 | M95: 0 | N95: 1 | O95: 1 | P95: 0 | Q95: 0 | R95: 1 | S95: 1 | T95: 1 | U95: 1 | V95: 1 | W95: 1 | X95: 0 | Y95: 0 | Z95: 1 | AA95: 1 | AB95: 0 | AC95: 0 | AH95: 1 | AI95: 0 | AJ95: 1 | AK95: 0 | AP95: 1 | AQ95: 1 | AR95: 0 | AS95: 1 | AT95: 1 | AU95: 1 | AV95: 1 | AW95: 1
A96: 16368752611681 | B96: 1 | C96: 0 | D96: 1 | E96: 1 | F96: 1 | G96: 1 | H96: 0 | I96: 1 | J96: 1 | K96: 1 | L96: 1 | M96: 1 | N96: 1 | O96: 1 | P96: 1 | Q96: 0 | R96: 1 | S96: 1 | T96: 1 | U96: 1 | V96: 0 | W96: 0 | X96: 1 | Y96: 0 | Z96: 1 | AA96: 1 | AB96: 1 | AC96: 1 | AH96: 1 | AI96: 1 | AJ96: 1 | AK96: 1 | AP96: 0 | AQ96: 1 | AR96: 1 | AS96: 1 | AT96: 1 | AU96: 1 | AV96: 1 | AW96: 0
A97: 16368753171859 | B97: 1 | C97: 1 | D97: 1 | E97: 1 | F97: 1 | G97: 1 | H97: 1 | I97: 1 | J97: 1 | K97: 1 | L97: 1 | M97: 1 | N97: 1 | O97: 1 | P97: 1 | Q97: 1 | R97: 1 | S97: 1 | T97: 1 | U97: 1 | V97: 1 | W97: 1 | X97: 0 | Y97: 0 | Z97: 1 | AA97: 1 | AB97: 1 | AC97: 0 | AH97: 1 | AI97: 1 | AJ97: 0 | AK97: 1 | AP97: 0 | AQ97: 1 | AR97: 0 | AS97: 0 | AT97: 1 | AU97: 1 | AV97: 1 | AW97: 1
A98: 16368753422462 | B98: 1 | C98: 1 | D98: 0 | E98: 1 | F98: 1 | G98: 0 | H98: 1 | I98: 0 | J98: 1 | K98: 1 | L98: 1 | M98: 1 | N98: 1 | O98: 1 | P98: 0 | Q98: 0 | R98: 1 | S98: 1 | T98: 0 | U98: 0 | V98: 1 | W98: 1 | X98: 0 | Y98: 0 | Z98: 1 | AA98: 1 | AB98: 1 | AC98: 1 | AH98: 1 | AI98: 1 | AJ98: 1 | AK98: 1 | AP98: 0 | AQ98: 0 | AR98: 0 | AS98: 1 | AT98: 1 | AU98: 1 | AV98: 1 | AW98: 1
A99: 16368754512001 | B99: 1 | C99: 0 | D99: 1 | E99: 1 | F99: 1 | G99: 0 | H99: 1 | I99: 1 | J99: 1 | K99: 1 | L99: 1 | M99: 1 | N99: 1 | O99: 1 | P99: 0 | Q99: 1 | R99: 1 | S99: 1 | T99: 1 | U99: 1 | V99: 1 | W99: 0 | X99: 0 | Y99: 0 | Z99: 1 | AA99: 1 | AB99: 1 | AC99: 1 | AH99: 1 | AI99: 0 | AJ99: 1 | AK99: 1 | AP99: 0 | AQ99: 1 | AR99: 0 | AS99: 1 | AT99: 1 | AU99: 1 | AV99: 1 | AW99: 1
A100: 16368755363874 | B100: 1 | C100: 0 | D100: 1 | E100: 1 | F100: 1 | G100: 0 | H100: 0 | I100: 1 | J100: 1 | K100: 1 | L100: 1 | M100: 0 | N100: 0 | O100: 1 | P100: 1 | Q100: 1 | R100: 1 | S100: 1 | T100: 1 | U100: 0 | V100: 1 | W100: 0 | X100: 1 | Y100: 0 | Z100: 0 | AA100: 0 | AB100: 0 | AC100: 1 | AD100: 0 | AE100: 0 | AF100: 0 | AG100: 0 | AH100: 1 | AI100: 1 | AJ100: 1 | AK100: 0 | AL100: 0 | AM100: 0 | AN100: 0 | AO100: 0
A101: 16368755777572 | B101: 1 | C101: 0 | D101: 0 | E101: 1 | F101: 1 | G101: 1 | H101: 1 | I101: 0 | J101: 1 | K101: 0 | L101: 1 | M101: 1 | N101: 1 | O101: 1 | P101: 1 | Q101: 0 | R101: 1 | S101: 1 | T101: 1 | U101: 0 | V101: 1 | W101: 1 | X101: 1 | Y101: 1 | Z101: 1 | AA101: 1 | AB101: 0 | AC101: 1 | AH101: 1 | AI101: 1 | AJ101: 1 | AK101: 1 | AP101: 1 | AQ101: 1 | AR101: 1 | AS101: 1 | AT101: 1 | AU101: 1 | AV101: 1 | AW101: 1
A102: 16368755936685 | B102: 1 | C102: 1 | D102: 1 | E102: 1 | F102: 1 | G102: 1 | H102: 1 | I102: 1 | J102: 1 | K102: 1 | L102: 1 | M102: 1 | N102: 1 | O102: 1 | P102: 1 | Q102: 1 | R102: 1 | S102: 1 | T102: 1 | U102: 1 | V102: 1 | W102: 1 | X102: 1 | Y102: 0 | Z102: 1 | AA102: 1 | AB102: 1 | AC102: 1 | AH102: 1 | AI102: 1 | AJ102: 1 | AK102: 1 | AP102: 1 | AQ102: 1 | AR102: 0 | AS102: 1 | AT102: 1 | AU102: 1 | AV102: 1 | AW102: 1
A103: 16368756127467 | B103: 1 | C103: 1 | D103: 1 | E103: 1 | F103: 1 | G103: 1 | H103: 1 | I103: 1 | J103: 1 | K103: 1 | L103: 1 | M103: 1 | N103: 1 | O103: 1 | P103: 1 | Q103: 0 | R103: 1 | S103: 1 | T103: 1 | U103: 1 | V103: 1 | W103: 1 | X103: 1 | Y103: 1 | Z103: 1 | AA103: 1 | AB103: 1 | AC103: 1 | AH103: 1 | AI103: 1 | AJ103: 1 | AK103: 1 | AP103: 0 | AQ103: 1 | AR103: 1 | AS103: 1 | AT103: 1 | AU103: 1 | AV103: 1 | AW103: 1
A104: 16368756362410 | B104: 0 | C104: 0 | D104: 0 | E104: 0 | F104: 0 | G104: 0 | H104: 1 | I104: 0 | J104: 1 | K104: 1 | L104: 0 | M104: 0 | N104: 1 | O104: 0 | P104: 0 | Q104: 0 | R104: 1 | S104: 1 | T104: 0 | U104: 0 | V104: 1 | W104: 1 | X104: 0 | Y104: 0 | Z104: 0 | AA104: 1 | AB104: 1 | AC104: 0 | AH104: 1 | AI104: 0 | AJ104: 1 | AK104: 1 | AP104: 1 | AQ104: 1 | AR104: 0 | AS104: 1 | AT104: 1 | AU104: 0 | AV104: 0 | AW104: 1
A105: 16368756499889 | B105: 1 | C105: 0 | D105: 1 | E105: 0 | F105: 0 | G105: 0 | H105: 0 | I105: 0 | J105: 1 | K105: 1 | L105: 1 | M105: 0 | N105: 1 | O105: 1 | P105: 0 | Q105: 1 | R105: 1 | S105: 0 | T105: 1 | U105: 0 | V105: 0 | W105: 1 | X105: 1 | Y105: 0 | Z105: 1 | AA105: 1 | AB105: 0 | AC105: 1 | AH105: 1 | AI105: 0 | AJ105: 0 | AK105: 0 | AP105: 1 | AQ105: 1 | AR105: 0 | AS105: 1 | AT105: 1 | AU105: 0 | AV105: 0 | AW105: 1
A106: 16368756682893 | B106: 1 | C106: 1 | D106: 1 | E106: 1 | F106: 0 | G106: 1 | H106: 0 | I106: 0 | J106: 1 | K106: 1 | L106: 1 | M106: 1 | N106: 1 | O106: 1 | P106: 1 | Q106: 0 | R106: 1 | S106: 1 | T106: 1 | U106: 0 | V106: 1 | W106: 0 | X106: 1 | Y106: 0 | Z106: 1 | AA106: 1 | AB106: 0 | AC106: 1 | AH106: 1 | AI106: 1 | AJ106: 0 | AK106: 0 | AP106: 1 | AQ106: 1 | AR106: 0 | AS106: 1 | AT106: 1 | AU106: 1 | AV106: 1 | AW106: 1
A107: 16368756781805 | B107: 1 | C107: 1 | D107: 1 | E107: 1 | F107: 1 | G107: 0 | H107: 0 | I107: 0 | J107: 1 | K107: 1 | L107: 1 | M107: 1 | N107: 1 | O107: 1 | P107: 1 | Q107: 1 | R107: 1 | S107: 1 | T107: 1 | U107: 1 | V107: 1 | W107: 0 | X107: 0 | Y107: 0 | Z107: 0 | AA107: 1 | AB107: 1 | AC107: 1 | AH107: 1 | AI107: 1 | AJ107: 0 | AK107: 1 | AP107: 0 | AQ107: 1 | AR107: 1 | AS107: 1 | AT107: 1 | AU107: 1 | AV107: 1 | AW107: 1
A108: 16368757681161 | B108: 1 | C108: 0 | D108: 1 | E108: 1 | F108: 1 | G108: 1 | H108: 0 | I108: 0 | J108: 1 | K108: 1 | L108: 1 | M108: 1 | N108: 1 | O108: 1 | P108: 1 | Q108: 1 | R108: 1 | S108: 0 | T108: 1 | U108: 0 | V108: 1 | W108: 1 | X108: 1 | Y108: 0 | Z108: 1 | AA108: 1 | AB108: 1 | AC108: 1 | AH108: 1 | AI108: 0 | AJ108: 0 | AK108: 0 | AP108: 0 | AQ108: 1 | AR108: 1 | AS108: 1 | AT108: 1 | AU108: 1 | AV108: 1 | AW108: 1
A109: 16368758334965 | B109: 1 | C109: 0 | D109: 1 | E109: 1 | F109: 1 | G109: 0 | H109: 0 | I109: 1 | J109: 1 | K109: 1 | L109: 0 | M109: 0 | N109: 1 | O109: 1 | P109: 0 | Q109: 1 | R109: 1 | S109: 1 | T109: 1 | U109: 0 | V109: 1 | W109: 0 | X109: 0 | Y109: 0 | Z109: 0 | AA109: 1 | AB109: 1 | AC109: 1 | AH109: 1 | AI109: 1 | AJ109: 0 | AK109: 0 | AP109: 1 | AQ109: 1 | AR109: 0 | AS109: 1 | AT109: 0 | AU109: 0 | AV109: 0 | AW109: 0
A110: 16368759967146 | B110: 1 | C110: 1 | D110: 1 | E110: 1 | F110: 1 | G110: 1 | H110: 1 | I110: 1 | J110: 1 | K110: 1 | L110: 1 | M110: 1 | N110: 1 | O110: 1 | P110: 1 | Q110: 1 | R110: 1 | S110: 1 | T110: 1 | U110: 1 | V110: 1 | W110: 1 | X110: 1 | Y110: 1 | Z110: 1 | AA110: 1 | AB110: 1 | AC110: 1 | AD110: 0 | AE110: 0 | AF110: 0 | AG110: 0 | AH110: 1 | AI110: 1 | AJ110: 1 | AK110: 1 | AL110: 0 | AM110: 0 | AN110: 0 | AO110: 0
A111: 16379469434104 | B111: 0 | C111: 0 | D111: 0 | E111: 0 | F111: 0 | G111: 0 | H111: 1 | I111: 0 | J111: 0 | K111: 0 | L111: 0 | M111: 0 | N111: 0 | O111: 0 | P111: 0 | Q111: 0 | R111: 0 | S111: 1 | T111: 0 | U111: 1 | V111: 0 | W111: 0 | X111: 0 | Y111: 0 | Z111: 0 | AA111: 1 | AB111: 0 | AC111: 1 | AD111: 1 | AE111: 0 | AF111: 0 | AG111: 1 | AH111: 1 | AI111: 0 | AJ111: 0 | AK111: 1 | AL111: 0 | AM111: 0 | AN111: 0 | AO111: 0
A112: 16416054731076 | B112: 1 | C112: 1 | D112: 1 | E112: 1 | F112: 1 | G112: 1 | H112: 1 | I112: 1 | J112: 1 | K112: 1 | L112: 1 | M112: 1 | N112: 1 | O112: 1 | P112: 1 | Q112: 1 | R112: 1 | S112: 1 | T112: 1 | U112: 1 | V112: 1 | W112: 1 | X112: 1 | Y112: 1 | Z112: 1 | AA112: 1 | AB112: 1 | AC112: 1 | AD112: 1 | AE112: 1 | AF112: 1 | AG112: 1 | AH112: 1 | AI112: 1 | AJ112: 1 | AK112: 1 | AL112: 1 | AM112: 1 | AN112: 1 | AO112: 0
A113: 16462709326199 | B113: 1 | C113: 1 | D113: 0 | E113: 1 | F113: 0 | G113: 0 | H113: 0 | I113: 0 | J113: 1 | K113: 1 | L113: 1 | M113: 1 | N113: 0 | O113: 1 | P113: 1 | Q113: 1 | R113: 1 | S113: 1 | T113: 0 | U113: 0 | V113: 1 | W113: 1 | X113: 0 | Y113: 1 | Z113: 0 | AA113: 1 | AB113: 1 | AC113: 1 | AH113: 1 | AI113: 1 | AJ113: 0 | AK113: 0 | AP113: 1 | AQ113: 1 | AR113: 0 | AS113: 0 | AT113: 1 | AU113: 1 | AV113: 1 | AW113: 1
...

Sheet 02_KhoiTao
A1: i | B1: qid | C1: Câu | D1: Loại | E1: S (đúng) | F1: N (làm) | G1: p | H1: b0_raw=ln((N-S+.3)/(S+.3)) | I1: b0 (canh tâm) | J1: Biên?
A2: 1 | B2: 208493209536 | C2: Câu 1 MC | D2: MC | E2: =SUM('01_Data'!B2:B1038) | F2: =COUNT('01_Data'!B2:B1038) | G2: =E2/F2 | H2: =LN((F2-E2+0.3)/(E2+0.3)) | I2: =H2-AVERAGE($H$2:$H$49) | J2: =IF(OR(E2=0,E2=F2),"BIÊN","")
A3: 2 | B3: 208493412207 | C3: Câu 2 MC | D3: MC | E3: =SUM('01_Data'!C2:C1038) | F3: =COUNT('01_Data'!C2:C1038) | G3: =E3/F3 | H3: =LN((F3-E3+0.3)/(E3+0.3)) | I3: =H3-AVERAGE($H$2:$H$49) | J3: =IF(OR(E3=0,E3=F3),"BIÊN","")
A4: 3 | B4: 208493634375 | C4: Câu 3 MC | D4: MC | E4: =SUM('01_Data'!D2:D1038) | F4: =COUNT('01_Data'!D2:D1038) | G4: =E4/F4 | H4: =LN((F4-E4+0.3)/(E4+0.3)) | I4: =H4-AVERAGE($H$2:$H$49) | J4: =IF(OR(E4=0,E4=F4),"BIÊN","")
A5: 4 | B5: 208493806712 | C5: Câu 4 MC | D5: MC | E5: =SUM('01_Data'!E2:E1038) | F5: =COUNT('01_Data'!E2:E1038) | G5: =E5/F5 | H5: =LN((F5-E5+0.3)/(E5+0.3)) | I5: =H5-AVERAGE($H$2:$H$49) | J5: =IF(OR(E5=0,E5=F5),"BIÊN","")
A6: 5 | B6: 208494503646 | C6: Câu 5 MC | D6: MC | E6: =SUM('01_Data'!F2:F1038) | F6: =COUNT('01_Data'!F2:F1038) | G6: =E6/F6 | H6: =LN((F6-E6+0.3)/(E6+0.3)) | I6: =H6-AVERAGE($H$2:$H$49) | J6: =IF(OR(E6=0,E6=F6),"BIÊN","")
A7: 6 | B7: 208495066643 | C7: Câu 6 MC | D7: MC | E7: =SUM('01_Data'!G2:G1038) | F7: =COUNT('01_Data'!G2:G1038) | G7: =E7/F7 | H7: =LN((F7-E7+0.3)/(E7+0.3)) | I7: =H7-AVERAGE($H$2:$H$49) | J7: =IF(OR(E7=0,E7=F7),"BIÊN","")
A8: 7 | B8: 208495459130 | C8: Câu 7 MC | D8: MC | E8: =SUM('01_Data'!H2:H1038) | F8: =COUNT('01_Data'!H2:H1038) | G8: =E8/F8 | H8: =LN((F8-E8+0.3)/(E8+0.3)) | I8: =H8-AVERAGE($H$2:$H$49) | J8: =IF(OR(E8=0,E8=F8),"BIÊN","")
A9: 8 | B9: 208495984573 | C9: Câu 8 MC | D9: MC | E9: =SUM('01_Data'!I2:I1038) | F9: =COUNT('01_Data'!I2:I1038) | G9: =E9/F9 | H9: =LN((F9-E9+0.3)/(E9+0.3)) | I9: =H9-AVERAGE($H$2:$H$49) | J9: =IF(OR(E9=0,E9=F9),"BIÊN","")
A10: 9 | B10: 208496326564 | C10: Câu 9 MC | D10: MC | E10: =SUM('01_Data'!J2:J1038) | F10: =COUNT('01_Data'!J2:J1038) | G10: =E10/F10 | H10: =LN((F10-E10+0.3)/(E10+0.3)) | I10: =H10-AVERAGE($H$2:$H$49) | J10: =IF(OR(E10=0,E10=F10),"BIÊN","")
A11: 10 | B11: 208497043631 | C11: Câu 10 MC | D11: MC | E11: =SUM('01_Data'!K2:K1038) | F11: =COUNT('01_Data'!K2:K1038) | G11: =E11/F11 | H11: =LN((F11-E11+0.3)/(E11+0.3)) | I11: =H11-AVERAGE($H$2:$H$49) | J11: =IF(OR(E11=0,E11=F11),"BIÊN","")
A12: 11 | B12: 208497697530 | C12: Câu 24 MC | D12: MC | E12: =SUM('01_Data'!L2:L1038) | F12: =COUNT('01_Data'!L2:L1038) | G12: =E12/F12 | H12: =LN((F12-E12+0.3)/(E12+0.3)) | I12: =H12-AVERAGE($H$2:$H$49) | J12: =IF(OR(E12=0,E12=F12),"BIÊN","")
A13: 12 | B13: 208497947837 | C13: Câu 23 MC | D13: MC | E13: =SUM('01_Data'!M2:M1038) | F13: =COUNT('01_Data'!M2:M1038) | G13: =E13/F13 | H13: =LN((F13-E13+0.3)/(E13+0.3)) | I13: =H13-AVERAGE($H$2:$H$49) | J13: =IF(OR(E13=0,E13=F13),"BIÊN","")
A14: 13 | B14: 208498680706 | C14: Câu 11 MC | D14: MC | E14: =SUM('01_Data'!N2:N1038) | F14: =COUNT('01_Data'!N2:N1038) | G14: =E14/F14 | H14: =LN((F14-E14+0.3)/(E14+0.3)) | I14: =H14-AVERAGE($H$2:$H$49) | J14: =IF(OR(E14=0,E14=F14),"BIÊN","")
A15: 14 | B15: 208498750254 | C15: Câu 12 MC | D15: MC | E15: =SUM('01_Data'!O2:O1038) | F15: =COUNT('01_Data'!O2:O1038) | G15: =E15/F15 | H15: =LN((F15-E15+0.3)/(E15+0.3)) | I15: =H15-AVERAGE($H$2:$H$49) | J15: =IF(OR(E15=0,E15=F15),"BIÊN","")
A16: 15 | B16: 208500103341 | C16: Câu 13 MC | D16: MC | E16: =SUM('01_Data'!P2:P1038) | F16: =COUNT('01_Data'!P2:P1038) | G16: =E16/F16 | H16: =LN((F16-E16+0.3)/(E16+0.3)) | I16: =H16-AVERAGE($H$2:$H$49) | J16: =IF(OR(E16=0,E16=F16),"BIÊN","")
A17: 16 | B17: 208500538567 | C17: Câu 22 MC | D17: MC | E17: =SUM('01_Data'!Q2:Q1038) | F17: =COUNT('01_Data'!Q2:Q1038) | G17: =E17/F17 | H17: =LN((F17-E17+0.3)/(E17+0.3)) | I17: =H17-AVERAGE($H$2:$H$49) | J17: =IF(OR(E17=0,E17=F17),"BIÊN","")
A18: 17 | B18: 208501397853 | C18: Câu 16 MC | D18: MC | E18: =SUM('01_Data'!R2:R1038) | F18: =COUNT('01_Data'!R2:R1038) | G18: =E18/F18 | H18: =LN((F18-E18+0.3)/(E18+0.3)) | I18: =H18-AVERAGE($H$2:$H$49) | J18: =IF(OR(E18=0,E18=F18),"BIÊN","")
A19: 18 | B19: 208501882621 | C19: Câu 17 MC | D19: MC | E19: =SUM('01_Data'!S2:S1038) | F19: =COUNT('01_Data'!S2:S1038) | G19: =E19/F19 | H19: =LN((F19-E19+0.3)/(E19+0.3)) | I19: =H19-AVERAGE($H$2:$H$49) | J19: =IF(OR(E19=0,E19=F19),"BIÊN","")
A20: 19 | B20: 208502464537 | C20: Câu 18 MC | D20: MC | E20: =SUM('01_Data'!T2:T1038) | F20: =COUNT('01_Data'!T2:T1038) | G20: =E20/F20 | H20: =LN((F20-E20+0.3)/(E20+0.3)) | I20: =H20-AVERAGE($H$2:$H$49) | J20: =IF(OR(E20=0,E20=F20),"BIÊN","")
A21: 20 | B21: 208518915377 | C21: Câu 14 MC | D21: MC | E21: =SUM('01_Data'!U2:U1038) | F21: =COUNT('01_Data'!U2:U1038) | G21: =E21/F21 | H21: =LN((F21-E21+0.3)/(E21+0.3)) | I21: =H21-AVERAGE($H$2:$H$49) | J21: =IF(OR(E21=0,E21=F21),"BIÊN","")
A22: 21 | B22: 208519541200 | C22: Câu 15 MC | D22: MC | E22: =SUM('01_Data'!V2:V1038) | F22: =COUNT('01_Data'!V2:V1038) | G22: =E22/F22 | H22: =LN((F22-E22+0.3)/(E22+0.3)) | I22: =H22-AVERAGE($H$2:$H$49) | J22: =IF(OR(E22=0,E22=F22),"BIÊN","")
A23: 22 | B23: 208519949207 | C23: Câu 19 MC | D23: MC | E23: =SUM('01_Data'!W2:W1038) | F23: =COUNT('01_Data'!W2:W1038) | G23: =E23/F23 | H23: =LN((F23-E23+0.3)/(E23+0.3)) | I23: =H23-AVERAGE($H$2:$H$49) | J23: =IF(OR(E23=0,E23=F23),"BIÊN","")
A24: 23 | B24: 208520832930 | C24: Câu 20 MC | D24: MC | E24: =SUM('01_Data'!X2:X1038) | F24: =COUNT('01_Data'!X2:X1038) | G24: =E24/F24 | H24: =LN((F24-E24+0.3)/(E24+0.3)) | I24: =H24-AVERAGE($H$2:$H$49) | J24: =IF(OR(E24=0,E24=F24),"BIÊN","")
A25: 24 | B25: 208521276474 | C25: Câu 21 MC | D25: MC | E25: =SUM('01_Data'!Y2:Y1038) | F25: =COUNT('01_Data'!Y2:Y1038) | G25: =E25/F25 | H25: =LN((F25-E25+0.3)/(E25+0.3)) | I25: =H25-AVERAGE($H$2:$H$49) | J25: =IF(OR(E25=0,E25=F25),"BIÊN","")
A26: 25 | B26: 208529022568_a | C26: Câu 25.a TF | D26: TF | E26: =SUM('01_Data'!Z2:Z1038) | F26: =COUNT('01_Data'!Z2:Z1038) | G26: =E26/F26 | H26: =LN((F26-E26+0.3)/(E26+0.3)) | I26: =H26-AVERAGE($H$2:$H$49) | J26: =IF(OR(E26=0,E26=F26),"BIÊN","")
A27: 26 | B27: 208529022568_b | C27: Câu 25.b TF | D27: TF | E27: =SUM('01_Data'!AA2:AA1038) | F27: =COUNT('01_Data'!AA2:AA1038) | G27: =E27/F27 | H27: =LN((F27-E27+0.3)/(E27+0.3)) | I27: =H27-AVERAGE($H$2:$H$49) | J27: =IF(OR(E27=0,E27=F27),"BIÊN","")
A28: 27 | B28: 208529022568_c | C28: Câu 25.c TF | D28: TF | E28: =SUM('01_Data'!AB2:AB1038) | F28: =COUNT('01_Data'!AB2:AB1038) | G28: =E28/F28 | H28: =LN((F28-E28+0.3)/(E28+0.3)) | I28: =H28-AVERAGE($H$2:$H$49) | J28: =IF(OR(E28=0,E28=F28),"BIÊN","")
A29: 28 | B29: 208529022568_d | C29: Câu 25.d TF | D29: TF | E29: =SUM('01_Data'!AC2:AC1038) | F29: =COUNT('01_Data'!AC2:AC1038) | G29: =E29/F29 | H29: =LN((F29-E29+0.3)/(E29+0.3)) | I29: =H29-AVERAGE($H$2:$H$49) | J29: =IF(OR(E29=0,E29=F29),"BIÊN","")
A30: 29 | B30: 208560377855_a | C30: Câu 27.a TF | D30: TF | E30: =SUM('01_Data'!AD2:AD1038) | F30: =COUNT('01_Data'!AD2:AD1038) | G30: =E30/F30 | H30: =LN((F30-E30+0.3)/(E30+0.3)) | I30: =H30-AVERAGE($H$2:$H$49) | J30: =IF(OR(E30=0,E30=F30),"BIÊN","")
A31: 30 | B31: 208560377855_b | C31: Câu 27.b TF | D31: TF | E31: =SUM('01_Data'!AE2:AE1038) | F31: =COUNT('01_Data'!AE2:AE1038) | G31: =E31/F31 | H31: =LN((F31-E31+0.3)/(E31+0.3)) | I31: =H31-AVERAGE($H$2:$H$49) | J31: =IF(OR(E31=0,E31=F31),"BIÊN","")
A32: 31 | B32: 208560377855_c | C32: Câu 27.c TF | D32: TF | E32: =SUM('01_Data'!AF2:AF1038) | F32: =COUNT('01_Data'!AF2:AF1038) | G32: =E32/F32 | H32: =LN((F32-E32+0.3)/(E32+0.3)) | I32: =H32-AVERAGE($H$2:$H$49) | J32: =IF(OR(E32=0,E32=F32),"BIÊN","")
A33: 32 | B33: 208560377855_d | C33: Câu 27.d TF | D33: TF | E33: =SUM('01_Data'!AG2:AG1038) | F33: =COUNT('01_Data'!AG2:AG1038) | G33: =E33/F33 | H33: =LN((F33-E33+0.3)/(E33+0.3)) | I33: =H33-AVERAGE($H$2:$H$49) | J33: =IF(OR(E33=0,E33=F33),"BIÊN","")
A34: 33 | B34: 208572448723_a | C34: Câu 26.a TF | D34: TF | E34: =SUM('01_Data'!AH2:AH1038) | F34: =COUNT('01_Data'!AH2:AH1038) | G34: =E34/F34 | H34: =LN((F34-E34+0.3)/(E34+0.3)) | I34: =H34-AVERAGE($H$2:$H$49) | J34: =IF(OR(E34=0,E34=F34),"BIÊN","")
A35: 34 | B35: 208572448723_b | C35: Câu 26.b TF | D35: TF | E35: =SUM('01_Data'!AI2:AI1038) | F35: =COUNT('01_Data'!AI2:AI1038) | G35: =E35/F35 | H35: =LN((F35-E35+0.3)/(E35+0.3)) | I35: =H35-AVERAGE($H$2:$H$49) | J35: =IF(OR(E35=0,E35=F35),"BIÊN","")
A36: 35 | B36: 208572448723_c | C36: Câu 26.c TF | D36: TF | E36: =SUM('01_Data'!AJ2:AJ1038) | F36: =COUNT('01_Data'!AJ2:AJ1038) | G36: =E36/F36 | H36: =LN((F36-E36+0.3)/(E36+0.3)) | I36: =H36-AVERAGE($H$2:$H$49) | J36: =IF(OR(E36=0,E36=F36),"BIÊN","")
A37: 36 | B37: 208572448723_d | C37: Câu 26.d TF | D37: TF | E37: =SUM('01_Data'!AK2:AK1038) | F37: =COUNT('01_Data'!AK2:AK1038) | G37: =E37/F37 | H37: =LN((F37-E37+0.3)/(E37+0.3)) | I37: =H37-AVERAGE($H$2:$H$49) | J37: =IF(OR(E37=0,E37=F37),"BIÊN","")
A38: 37 | B38: 208572588199_a | C38: Câu 28.a TF | D38: TF | E38: =SUM('01_Data'!AL2:AL1038) | F38: =COUNT('01_Data'!AL2:AL1038) | G38: =E38/F38 | H38: =LN((F38-E38+0.3)/(E38+0.3)) | I38: =H38-AVERAGE($H$2:$H$49) | J38: =IF(OR(E38=0,E38=F38),"BIÊN","")
A39: 38 | B39: 208572588199_b | C39: Câu 28.b TF | D39: TF | E39: =SUM('01_Data'!AM2:AM1038) | F39: =COUNT('01_Data'!AM2:AM1038) | G39: =E39/F39 | H39: =LN((F39-E39+0.3)/(E39+0.3)) | I39: =H39-AVERAGE($H$2:$H$49) | J39: =IF(OR(E39=0,E39=F39),"BIÊN","")
A40: 39 | B40: 208572588199_c | C40: Câu 28.c TF | D40: TF | E40: =SUM('01_Data'!AN2:AN1038) | F40: =COUNT('01_Data'!AN2:AN1038) | G40: =E40/F40 | H40: =LN((F40-E40+0.3)/(E40+0.3)) | I40: =H40-AVERAGE($H$2:$H$49) | J40: =IF(OR(E40=0,E40=F40),"BIÊN","")
A41: 40 | B41: 208572588199_d | C41: Câu 28.d TF | D41: TF | E41: =SUM('01_Data'!AO2:AO1038) | F41: =COUNT('01_Data'!AO2:AO1038) | G41: =E41/F41 | H41: =LN((F41-E41+0.3)/(E41+0.3)) | I41: =H41-AVERAGE($H$2:$H$49) | J41: =IF(OR(E41=0,E41=F41),"BIÊN","")
A42: 41 | B42: 208572673790_a | C42: Câu 29.a TF | D42: TF | E42: =SUM('01_Data'!AP2:AP1038) | F42: =COUNT('01_Data'!AP2:AP1038) | G42: =E42/F42 | H42: =LN((F42-E42+0.3)/(E42+0.3)) | I42: =H42-AVERAGE($H$2:$H$49) | J42: =IF(OR(E42=0,E42=F42),"BIÊN","")
A43: 42 | B43: 208572673790_b | C43: Câu 29.b TF | D43: TF | E43: =SUM('01_Data'!AQ2:AQ1038) | F43: =COUNT('01_Data'!AQ2:AQ1038) | G43: =E43/F43 | H43: =LN((F43-E43+0.3)/(E43+0.3)) | I43: =H43-AVERAGE($H$2:$H$49) | J43: =IF(OR(E43=0,E43=F43),"BIÊN","")
A44: 43 | B44: 208572673790_c | C44: Câu 29.c TF | D44: TF | E44: =SUM('01_Data'!AR2:AR1038) | F44: =COUNT('01_Data'!AR2:AR1038) | G44: =E44/F44 | H44: =LN((F44-E44+0.3)/(E44+0.3)) | I44: =H44-AVERAGE($H$2:$H$49) | J44: =IF(OR(E44=0,E44=F44),"BIÊN","")
A45: 44 | B45: 208572673790_d | C45: Câu 29.d TF | D45: TF | E45: =SUM('01_Data'!AS2:AS1038) | F45: =COUNT('01_Data'!AS2:AS1038) | G45: =E45/F45 | H45: =LN((F45-E45+0.3)/(E45+0.3)) | I45: =H45-AVERAGE($H$2:$H$49) | J45: =IF(OR(E45=0,E45=F45),"BIÊN","")
A46: 45 | B46: 208576851532_a | C46: Câu 30.a TF | D46: TF | E46: =SUM('01_Data'!AT2:AT1038) | F46: =COUNT('01_Data'!AT2:AT1038) | G46: =E46/F46 | H46: =LN((F46-E46+0.3)/(E46+0.3)) | I46: =H46-AVERAGE($H$2:$H$49) | J46: =IF(OR(E46=0,E46=F46),"BIÊN","")
A47: 46 | B47: 208576851532_b | C47: Câu 30.b TF | D47: TF | E47: =SUM('01_Data'!AU2:AU1038) | F47: =COUNT('01_Data'!AU2:AU1038) | G47: =E47/F47 | H47: =LN((F47-E47+0.3)/(E47+0.3)) | I47: =H47-AVERAGE($H$2:$H$49) | J47: =IF(OR(E47=0,E47=F47),"BIÊN","")
A48: 47 | B48: 208576851532_c | C48: Câu 30.c TF | D48: TF | E48: =SUM('01_Data'!AV2:AV1038) | F48: =COUNT('01_Data'!AV2:AV1038) | G48: =E48/F48 | H48: =LN((F48-E48+0.3)/(E48+0.3)) | I48: =H48-AVERAGE($H$2:$H$49) | J48: =IF(OR(E48=0,E48=F48),"BIÊN","")
A49: 48 | B49: 208576851532_d | C49: Câu 30.d TF | D49: TF | E49: =SUM('01_Data'!AW2:AW1038) | F49: =COUNT('01_Data'!AW2:AW1038) | G49: =E49/F49 | H49: =LN((F49-E49+0.3)/(E49+0.3)) | I49: =H49-AVERAGE($H$2:$H$49) | J49: =IF(OR(E49=0,E49=F49),"BIÊN","")

Sheet 03_Lap_Theta
A1: i | B1: iduser | C1: R | D1: M | E1: θ0 | F1: ΣP_1 | G1: ΣP²_1 | H1: θ1 | I1: ΣP_2 | J1: ΣP²_2 | K1: θ2 | L1: ΣP_3 | M1: ΣP²_3 | N1: θ3 | O1: ΣP_4 | P1: ΣP²_4 | Q1: θ4 | R1: ΣP_5 | S1: ΣP²_5 | T1: θ5 | U1: ΣP_6 | V1: ΣP²_6 | W1: θ6 | X1: ΣP_7 | Y1: ΣP²_7 | Z1: θ7 | AA1: ΣP_8 | AB1: ΣP²_8 | AC1: θ8
A2: 1 | B2: ='01_Data'!A2 | C2: =SUM('01_Data'!$B2:$AW2) | D2: =COUNT('01_Data'!$B2:$AW2) | E2: =MEDIAN(-6,LN((C2+0.3)/(D2-C2+0.3)),6) | F2: =SUMPRODUCT(('01_Data'!$B2:$AW2<>"")*(1/(1+EXP(-(E2-'03_Lap_b'!$B$5:$AW$5))))) | G2: =SUMPRODUCT(('01_Data'!$B2:$AW2<>"")*(1/(1+EXP(-(E2-'03_Lap_b'!$B$5:$AW$5))))^2) | H2: =MEDIAN(-6,E2+(C2-F2)/MAX(F2-G2,0.000000001),6) | I2: =SUMPRODUCT(('01_Data'!$B2:$AW2<>"")*(1/(1+EXP(-(H2-'03_Lap_b'!$B$10:$AW$10))))) | J2: =SUMPRODUCT(('01_Data'!$B2:$AW2<>"")*(1/(1+EXP(-(H2-'03_Lap_b'!$B$10:$AW$10))))^2) | K2: =MEDIAN(-6,H2+(C2-I2)/MAX(I2-J2,0.000000001),6) | L2: =SUMPRODUCT(('01_Data'!$B2:$AW2<>"")*(1/(1+EXP(-(K2-'03_Lap_b'!$B$15:$AW$15))))) | M2: =SUMPRODUCT(('01_Data'!$B2:$AW2<>"")*(1/(1+EXP(-(K2-'03_Lap_b'!$B$15:$AW$15))))^2) | N2: =MEDIAN(-6,K2+(C2-L2)/MAX(L2-M2,0.000000001),6) | O2: =SUMPRODUCT(('01_Data'!$B2:$AW2<>"")*(1/(1+EXP(-(N2-'03_Lap_b'!$B$20:$AW$20))))) | P2: =SUMPRODUCT(('01_Data'!$B2:$AW2<>"")*(1/(1+EXP(-(N2-'03_Lap_b'!$B$20:$AW$20))))^2) | Q2: =MEDIAN(-6,N2+(C2-O2)/MAX(O2-P2,0.000000001),6) | R2: =SUMPRODUCT(('01_Data'!$B2:$AW2<>"")*(1/(1+EXP(-(Q2-'03_Lap_b'!$B$25:$AW$25))))) | S2: =SUMPRODUCT(('01_Data'!$B2:$AW2<>"")*(1/(1+EXP(-(Q2-'03_Lap_b'!$B$25:$AW$25))))^2) | T2: =MEDIAN(-6,Q2+(C2-R2)/MAX(R2-S2,0.000000001),6) | U2: =SUMPRODUCT(('01_Data'!$B2:$AW2<>"")*(1/(1+EXP(-(T2-'03_Lap_b'!$B$30:$AW$30))))) | V2: =SUMPRODUCT(('01_Data'!$B2:$AW2<>"")*(1/(1+EXP(-(T2-'03_Lap_b'!$B$30:$AW$30))))^2) | W2: =MEDIAN(-6,T2+(C2-U2)/MAX(U2-V2,0.000000001),6) | X2: =SUMPRODUCT(('01_Data'!$B2:$AW2<>"")*(1/(1+EXP(-(W2-'03_Lap_b'!$B$35:$AW$35))))) | Y2: =SUMPRODUCT(('01_Data'!$B2:$AW2<>"")*(1/(1+EXP(-(W2-'03_Lap_b'!$B$35:$AW$35))))^2) | Z2: =MEDIAN(-6,W2+(C2-X2)/MAX(X2-Y2,0.000000001),6) | AA2: =SUMPRODUCT(('01_Data'!$B2:$AW2<>"")*(1/(1+EXP(-(Z2-'03_Lap_b'!$B$40:$AW$40))))) | AB2: =SUMPRODUCT(('01_Data'!$B2:$AW2<>"")*(1/(1+EXP(-(Z2-'03_Lap_b'!$B$40:$AW$40))))^2) | AC2: =MEDIAN(-6,Z2+(C2-AA2)/MAX(AA2-AB2,0.000000001),6)
A3: 2 | B3: ='01_Data'!A3 | C3: =SUM('01_Data'!$B3:$AW3) | D3: =COUNT('01_Data'!$B3:$AW3) | E3: =MEDIAN(-6,LN((C3+0.3)/(D3-C3+0.3)),6) | F3: =SUMPRODUCT(('01_Data'!$B3:$AW3<>"")*(1/(1+EXP(-(E3-'03_Lap_b'!$B$5:$AW$5))))) | G3: =SUMPRODUCT(('01_Data'!$B3:$AW3<>"")*(1/(1+EXP(-(E3-'03_Lap_b'!$B$5:$AW$5))))^2) | H3: =MEDIAN(-6,E3+(C3-F3)/MAX(F3-G3,0.000000001),6) | I3: =SUMPRODUCT(('01_Data'!$B3:$AW3<>"")*(1/(1+EXP(-(H3-'03_Lap_b'!$B$10:$AW$10))))) | J3: =SUMPRODUCT(('01_Data'!$B3:$AW3<>"")*(1/(1+EXP(-(H3-'03_Lap_b'!$B$10:$AW$10))))^2) | K3: =MEDIAN(-6,H3+(C3-I3)/MAX(I3-J3,0.000000001),6) | L3: =SUMPRODUCT(('01_Data'!$B3:$AW3<>"")*(1/(1+EXP(-(K3-'03_Lap_b'!$B$15:$AW$15))))) | M3: =SUMPRODUCT(('01_Data'!$B3:$AW3<>"")*(1/(1+EXP(-(K3-'03_Lap_b'!$B$15:$AW$15))))^2) | N3: =MEDIAN(-6,K3+(C3-L3)/MAX(L3-M3,0.000000001),6) | O3: =SUMPRODUCT(('01_Data'!$B3:$AW3<>"")*(1/(1+EXP(-(N3-'03_Lap_b'!$B$20:$AW$20))))) | P3: =SUMPRODUCT(('01_Data'!$B3:$AW3<>"")*(1/(1+EXP(-(N3-'03_Lap_b'!$B$20:$AW$20))))^2) | Q3: =MEDIAN(-6,N3+(C3-O3)/MAX(O3-P3,0.000000001),6) | R3: =SUMPRODUCT(('01_Data'!$B3:$AW3<>"")*(1/(1+EXP(-(Q3-'03_Lap_b'!$B$25:$AW$25))))) | S3: =SUMPRODUCT(('01_Data'!$B3:$AW3<>"")*(1/(1+EXP(-(Q3-'03_Lap_b'!$B$25:$AW$25))))^2) | T3: =MEDIAN(-6,Q3+(C3-R3)/MAX(R3-S3,0.000000001),6) | U3: =SUMPRODUCT(('01_Data'!$B3:$AW3<>"")*(1/(1+EXP(-(T3-'03_Lap_b'!$B$30:$AW$30))))) | V3: =SUMPRODUCT(('01_Data'!$B3:$AW3<>"")*(1/(1+EXP(-(T3-'03_Lap_b'!$B$30:$AW$30))))^2) | W3: =MEDIAN(-6,T3+(C3-U3)/MAX(U3-V3,0.000000001),6) | X3: =SUMPRODUCT(('01_Data'!$B3:$AW3<>"")*(1/(1+EXP(-(W3-'03_Lap_b'!$B$35:$AW$35))))) | Y3: =SUMPRODUCT(('01_Data'!$B3:$AW3<>"")*(1/(1+EXP(-(W3-'03_Lap_b'!$B$35:$AW$35))))^2) | Z3: =MEDIAN(-6,W3+(C3-X3)/MAX(X3-Y3,0.000000001),6) | AA3: =SUMPRODUCT(('01_Data'!$B3:$AW3<>"")*(1/(1+EXP(-(Z3-'03_Lap_b'!$B$40:$AW$40))))) | AB3: =SUMPRODUCT(('01_Data'!$B3:$AW3<>"")*(1/(1+EXP(-(Z3-'03_Lap_b'!$B$40:$AW$40))))^2) | AC3: =MEDIAN(-6,Z3+(C3-AA3)/MAX(AA3-AB3,0.000000001),6)
A4: 3 | B4: ='01_Data'!A4 | C4: =SUM('01_Data'!$B4:$AW4) | D4: =COUNT('01_Data'!$B4:$AW4) | E4: =MEDIAN(-6,LN((C4+0.3)/(D4-C4+0.3)),6) | F4: =SUMPRODUCT(('01_Data'!$B4:$AW4<>"")*(1/(1+EXP(-(E4-'03_Lap_b'!$B$5:$AW$5))))) | G4: =SUMPRODUCT(('01_Data'!$B4:$AW4<>"")*(1/(1+EXP(-(E4-'03_Lap_b'!$B$5:$AW$5))))^2) | H4: =MEDIAN(-6,E4+(C4-F4)/MAX(F4-G4,0.000000001),6) | I4: =SUMPRODUCT(('01_Data'!$B4:$AW4<>"")*(1/(1+EXP(-(H4-'03_Lap_b'!$B$10:$AW$10))))) | J4: =SUMPRODUCT(('01_Data'!$B4:$AW4<>"")*(1/(1+EXP(-(H4-'03_Lap_b'!$B$10:$AW$10))))^2) | K4: =MEDIAN(-6,H4+(C4-I4)/MAX(I4-J4,0.000000001),6) | L4: =SUMPRODUCT(('01_Data'!$B4:$AW4<>"")*(1/(1+EXP(-(K4-'03_Lap_b'!$B$15:$AW$15))))) | M4: =SUMPRODUCT(('01_Data'!$B4:$AW4<>"")*(1/(1+EXP(-(K4-'03_Lap_b'!$B$15:$AW$15))))^2) | N4: =MEDIAN(-6,K4+(C4-L4)/MAX(L4-M4,0.000000001),6) | O4: =SUMPRODUCT(('01_Data'!$B4:$AW4<>"")*(1/(1+EXP(-(N4-'03_Lap_b'!$B$20:$AW$20))))) | P4: =SUMPRODUCT(('01_Data'!$B4:$AW4<>"")*(1/(1+EXP(-(N4-'03_Lap_b'!$B$20:$AW$20))))^2) | Q4: =MEDIAN(-6,N4+(C4-O4)/MAX(O4-P4,0.000000001),6) | R4: =SUMPRODUCT(('01_Data'!$B4:$AW4<>"")*(1/(1+EXP(-(Q4-'03_Lap_b'!$B$25:$AW$25))))) | S4: =SUMPRODUCT(('01_Data'!$B4:$AW4<>"")*(1/(1+EXP(-(Q4-'03_Lap_b'!$B$25:$AW$25))))^2) | T4: =MEDIAN(-6,Q4+(C4-R4)/MAX(R4-S4,0.000000001),6) | U4: =SUMPRODUCT(('01_Data'!$B4:$AW4<>"")*(1/(1+EXP(-(T4-'03_Lap_b'!$B$30:$AW$30))))) | V4: =SUMPRODUCT(('01_Data'!$B4:$AW4<>"")*(1/(1+EXP(-(T4-'03_Lap_b'!$B$30:$AW$30))))^2) | W4: =MEDIAN(-6,T4+(C4-U4)/MAX(U4-V4,0.000000001),6) | X4: =SUMPRODUCT(('01_Data'!$B4:$AW4<>"")*(1/(1+EXP(-(W4-'03_Lap_b'!$B$35:$AW$35))))) | Y4: =SUMPRODUCT(('01_Data'!$B4:$AW4<>"")*(1/(1+EXP(-(W4-'03_Lap_b'!$B$35:$AW$35))))^2) | Z4: =MEDIAN(-6,W4+(C4-X4)/MAX(X4-Y4,0.000000001),6) | AA4: =SUMPRODUCT(('01_Data'!$B4:$AW4<>"")*(1/(1+EXP(-(Z4-'03_Lap_b'!$B$40:$AW$40))))) | AB4: =SUMPRODUCT(('01_Data'!$B4:$AW4<>"")*(1/(1+EXP(-(Z4-'03_Lap_b'!$B$40:$AW$40))))^2) | AC4: =MEDIAN(-6,Z4+(C4-AA4)/MAX(AA4-AB4,0.000000001),6)
A5: 4 | B5: ='01_Data'!A5 | C5: =SUM('01_Data'!$B5:$AW5) | D5: =COUNT('01_Data'!$B5:$AW5) | E5: =MEDIAN(-6,LN((C5+0.3)/(D5-C5+0.3)),6) | F5: =SUMPRODUCT(('01_Data'!$B5:$AW5<>"")*(1/(1+EXP(-(E5-'03_Lap_b'!$B$5:$AW$5))))) | G5: =SUMPRODUCT(('01_Data'!$B5:$AW5<>"")*(1/(1+EXP(-(E5-'03_Lap_b'!$B$5:$AW$5))))^2) | H5: =MEDIAN(-6,E5+(C5-F5)/MAX(F5-G5,0.000000001),6) | I5: =SUMPRODUCT(('01_Data'!$B5:$AW5<>"")*(1/(1+EXP(-(H5-'03_Lap_b'!$B$10:$AW$10))))) | J5: =SUMPRODUCT(('01_Data'!$B5:$AW5<>"")*(1/(1+EXP(-(H5-'03_Lap_b'!$B$10:$AW$10))))^2) | K5: =MEDIAN(-6,H5+(C5-I5)/MAX(I5-J5,0.000000001),6) | L5: =SUMPRODUCT(('01_Data'!$B5:$AW5<>"")*(1/(1+EXP(-(K5-'03_Lap_b'!$B$15:$AW$15))))) | M5: =SUMPRODUCT(('01_Data'!$B5:$AW5<>"")*(1/(1+EXP(-(K5-'03_Lap_b'!$B$15:$AW$15))))^2) | N5: =MEDIAN(-6,K5+(C5-L5)/MAX(L5-M5,0.000000001),6) | O5: =SUMPRODUCT(('01_Data'!$B5:$AW5<>"")*(1/(1+EXP(-(N5-'03_Lap_b'!$B$20:$AW$20))))) | P5: =SUMPRODUCT(('01_Data'!$B5:$AW5<>"")*(1/(1+EXP(-(N5-'03_Lap_b'!$B$20:$AW$20))))^2) | Q5: =MEDIAN(-6,N5+(C5-O5)/MAX(O5-P5,0.000000001),6) | R5: =SUMPRODUCT(('01_Data'!$B5:$AW5<>"")*(1/(1+EXP(-(Q5-'03_Lap_b'!$B$25:$AW$25))))) | S5: =SUMPRODUCT(('01_Data'!$B5:$AW5<>"")*(1/(1+EXP(-(Q5-'03_Lap_b'!$B$25:$AW$25))))^2) | T5: =MEDIAN(-6,Q5+(C5-R5)/MAX(R5-S5,0.000000001),6) | U5: =SUMPRODUCT(('01_Data'!$B5:$AW5<>"")*(1/(1+EXP(-(T5-'03_Lap_b'!$B$30:$AW$30))))) | V5: =SUMPRODUCT(('01_Data'!$B5:$AW5<>"")*(1/(1+EXP(-(T5-'03_Lap_b'!$B$30:$AW$30))))^2) | W5: =MEDIAN(-6,T5+(C5-U5)/MAX(U5-V5,0.000000001),6) | X5: =SUMPRODUCT(('01_Data'!$B5:$AW5<>"")*(1/(1+EXP(-(W5-'03_Lap_b'!$B$35:$AW$35))))) | Y5: =SUMPRODUCT(('01_Data'!$B5:$AW5<>"")*(1/(1+EXP(-(W5-'03_Lap_b'!$B$35:$AW$35))))^2) | Z5: =MEDIAN(-6,W5+(C5-X5)/MAX(X5-Y5,0.000000001),6) | AA5: =SUMPRODUCT(('01_Data'!$B5:$AW5<>"")*(1/(1+EXP(-(Z5-'03_Lap_b'!$B$40:$AW$40))))) | AB5: =SUMPRODUCT(('01_Data'!$B5:$AW5<>"")*(1/(1+EXP(-(Z5-'03_Lap_b'!$B$40:$AW$40))))^2) | AC5: =MEDIAN(-6,Z5+(C5-AA5)/MAX(AA5-AB5,0.000000001),6)
A6: 5 | B6: ='01_Data'!A6 | C6: =SUM('01_Data'!$B6:$AW6) | D6: =COUNT('01_Data'!$B6:$AW6) | E6: =MEDIAN(-6,LN((C6+0.3)/(D6-C6+0.3)),6) | F6: =SUMPRODUCT(('01_Data'!$B6:$AW6<>"")*(1/(1+EXP(-(E6-'03_Lap_b'!$B$5:$AW$5))))) | G6: =SUMPRODUCT(('01_Data'!$B6:$AW6<>"")*(1/(1+EXP(-(E6-'03_Lap_b'!$B$5:$AW$5))))^2) | H6: =MEDIAN(-6,E6+(C6-F6)/MAX(F6-G6,0.000000001),6) | I6: =SUMPRODUCT(('01_Data'!$B6:$AW6<>"")*(1/(1+EXP(-(H6-'03_Lap_b'!$B$10:$AW$10))))) | J6: =SUMPRODUCT(('01_Data'!$B6:$AW6<>"")*(1/(1+EXP(-(H6-'03_Lap_b'!$B$10:$AW$10))))^2) | K6: =MEDIAN(-6,H6+(C6-I6)/MAX(I6-J6,0.000000001),6) | L6: =SUMPRODUCT(('01_Data'!$B6:$AW6<>"")*(1/(1+EXP(-(K6-'03_Lap_b'!$B$15:$AW$15))))) | M6: =SUMPRODUCT(('01_Data'!$B6:$AW6<>"")*(1/(1+EXP(-(K6-'03_Lap_b'!$B$15:$AW$15))))^2) | N6: =MEDIAN(-6,K6+(C6-L6)/MAX(L6-M6,0.000000001),6) | O6: =SUMPRODUCT(('01_Data'!$B6:$AW6<>"")*(1/(1+EXP(-(N6-'03_Lap_b'!$B$20:$AW$20))))) | P6: =SUMPRODUCT(('01_Data'!$B6:$AW6<>"")*(1/(1+EXP(-(N6-'03_Lap_b'!$B$20:$AW$20))))^2) | Q6: =MEDIAN(-6,N6+(C6-O6)/MAX(O6-P6,0.000000001),6) | R6: =SUMPRODUCT(('01_Data'!$B6:$AW6<>"")*(1/(1+EXP(-(Q6-'03_Lap_b'!$B$25:$AW$25))))) | S6: =SUMPRODUCT(('01_Data'!$B6:$AW6<>"")*(1/(1+EXP(-(Q6-'03_Lap_b'!$B$25:$AW$25))))^2) | T6: =MEDIAN(-6,Q6+(C6-R6)/MAX(R6-S6,0.000000001),6) | U6: =SUMPRODUCT(('01_Data'!$B6:$AW6<>"")*(1/(1+EXP(-(T6-'03_Lap_b'!$B$30:$AW$30))))) | V6: =SUMPRODUCT(('01_Data'!$B6:$AW6<>"")*(1/(1+EXP(-(T6-'03_Lap_b'!$B$30:$AW$30))))^2) | W6: =MEDIAN(-6,T6+(C6-U6)/MAX(U6-V6,0.000000001),6) | X6: =SUMPRODUCT(('01_Data'!$B6:$AW6<>"")*(1/(1+EXP(-(W6-'03_Lap_b'!$B$35:$AW$35))))) | Y6: =SUMPRODUCT(('01_Data'!$B6:$AW6<>"")*(1/(1+EXP(-(W6-'03_Lap_b'!$B$35:$AW$35))))^2) | Z6: =MEDIAN(-6,W6+(C6-X6)/MAX(X6-Y6,0.000000001),6) | AA6: =SUMPRODUCT(('01_Data'!$B6:$AW6<>"")*(1/(1+EXP(-(Z6-'03_Lap_b'!$B$40:$AW$40))))) | AB6: =SUMPRODUCT(('01_Data'!$B6:$AW6<>"")*(1/(1+EXP(-(Z6-'03_Lap_b'!$B$40:$AW$40))))^2) | AC6: =MEDIAN(-6,Z6+(C6-AA6)/MAX(AA6-AB6,0.000000001),6)
A7: 6 | B7: ='01_Data'!A7 | C7: =SUM('01_Data'!$B7:$AW7) | D7: =COUNT('01_Data'!$B7:$AW7) | E7: =MEDIAN(-6,LN((C7+0.3)/(D7-C7+0.3)),6) | F7: =SUMPRODUCT(('01_Data'!$B7:$AW7<>"")*(1/(1+EXP(-(E7-'03_Lap_b'!$B$5:$AW$5))))) | G7: =SUMPRODUCT(('01_Data'!$B7:$AW7<>"")*(1/(1+EXP(-(E7-'03_Lap_b'!$B$5:$AW$5))))^2) | H7: =MEDIAN(-6,E7+(C7-F7)/MAX(F7-G7,0.000000001),6) | I7: =SUMPRODUCT(('01_Data'!$B7:$AW7<>"")*(1/(1+EXP(-(H7-'03_Lap_b'!$B$10:$AW$10))))) | J7: =SUMPRODUCT(('01_Data'!$B7:$AW7<>"")*(1/(1+EXP(-(H7-'03_Lap_b'!$B$10:$AW$10))))^2) | K7: =MEDIAN(-6,H7+(C7-I7)/MAX(I7-J7,0.000000001),6) | L7: =SUMPRODUCT(('01_Data'!$B7:$AW7<>"")*(1/(1+EXP(-(K7-'03_Lap_b'!$B$15:$AW$15))))) | M7: =SUMPRODUCT(('01_Data'!$B7:$AW7<>"")*(1/(1+EXP(-(K7-'03_Lap_b'!$B$15:$AW$15))))^2) | N7: =MEDIAN(-6,K7+(C7-L7)/MAX(L7-M7,0.000000001),6) | O7: =SUMPRODUCT(('01_Data'!$B7:$AW7<>"")*(1/(1+EXP(-(N7-'03_Lap_b'!$B$20:$AW$20))))) | P7: =SUMPRODUCT(('01_Data'!$B7:$AW7<>"")*(1/(1+EXP(-(N7-'03_Lap_b'!$B$20:$AW$20))))^2) | Q7: =MEDIAN(-6,N7+(C7-O7)/MAX(O7-P7,0.000000001),6) | R7: =SUMPRODUCT(('01_Data'!$B7:$AW7<>"")*(1/(1+EXP(-(Q7-'03_Lap_b'!$B$25:$AW$25))))) | S7: =SUMPRODUCT(('01_Data'!$B7:$AW7<>"")*(1/(1+EXP(-(Q7-'03_Lap_b'!$B$25:$AW$25))))^2) | T7: =MEDIAN(-6,Q7+(C7-R7)/MAX(R7-S7,0.000000001),6) | U7: =SUMPRODUCT(('01_Data'!$B7:$AW7<>"")*(1/(1+EXP(-(T7-'03_Lap_b'!$B$30:$AW$30))))) | V7: =SUMPRODUCT(('01_Data'!$B7:$AW7<>"")*(1/(1+EXP(-(T7-'03_Lap_b'!$B$30:$AW$30))))^2) | W7: =MEDIAN(-6,T7+(C7-U7)/MAX(U7-V7,0.000000001),6) | X7: =SUMPRODUCT(('01_Data'!$B7:$AW7<>"")*(1/(1+EXP(-(W7-'03_Lap_b'!$B$35:$AW$35))))) | Y7: =SUMPRODUCT(('01_Data'!$B7:$AW7<>"")*(1/(1+EXP(-(W7-'03_Lap_b'!$B$35:$AW$35))))^2) | Z7: =MEDIAN(-6,W7+(C7-X7)/MAX(X7-Y7,0.000000001),6) | AA7: =SUMPRODUCT(('01_Data'!$B7:$AW7<>"")*(1/(1+EXP(-(Z7-'03_Lap_b'!$B$40:$AW$40))))) | AB7: =SUMPRODUCT(('01_Data'!$B7:$AW7<>"")*(1/(1+EXP(-(Z7-'03_Lap_b'!$B$40:$AW$40))))^2) | AC7: =MEDIAN(-6,Z7+(C7-AA7)/MAX(AA7-AB7,0.000000001),6)
A8: 7 | B8: ='01_Data'!A8 | C8: =SUM('01_Data'!$B8:$AW8) | D8: =COUNT('01_Data'!$B8:$AW8) | E8: =MEDIAN(-6,LN((C8+0.3)/(D8-C8+0.3)),6) | F8: =SUMPRODUCT(('01_Data'!$B8:$AW8<>"")*(1/(1+EXP(-(E8-'03_Lap_b'!$B$5:$AW$5))))) | G8: =SUMPRODUCT(('01_Data'!$B8:$AW8<>"")*(1/(1+EXP(-(E8-'03_Lap_b'!$B$5:$AW$5))))^2) | H8: =MEDIAN(-6,E8+(C8-F8)/MAX(F8-G8,0.000000001),6) | I8: =SUMPRODUCT(('01_Data'!$B8:$AW8<>"")*(1/(1+EXP(-(H8-'03_Lap_b'!$B$10:$AW$10))))) | J8: =SUMPRODUCT(('01_Data'!$B8:$AW8<>"")*(1/(1+EXP(-(H8-'03_Lap_b'!$B$10:$AW$10))))^2) | K8: =MEDIAN(-6,H8+(C8-I8)/MAX(I8-J8,0.000000001),6) | L8: =SUMPRODUCT(('01_Data'!$B8:$AW8<>"")*(1/(1+EXP(-(K8-'03_Lap_b'!$B$15:$AW$15))))) | M8: =SUMPRODUCT(('01_Data'!$B8:$AW8<>"")*(1/(1+EXP(-(K8-'03_Lap_b'!$B$15:$AW$15))))^2) | N8: =MEDIAN(-6,K8+(C8-L8)/MAX(L8-M8,0.000000001),6) | O8: =SUMPRODUCT(('01_Data'!$B8:$AW8<>"")*(1/(1+EXP(-(N8-'03_Lap_b'!$B$20:$AW$20))))) | P8: =SUMPRODUCT(('01_Data'!$B8:$AW8<>"")*(1/(1+EXP(-(N8-'03_Lap_b'!$B$20:$AW$20))))^2) | Q8: =MEDIAN(-6,N8+(C8-O8)/MAX(O8-P8,0.000000001),6) | R8: =SUMPRODUCT(('01_Data'!$B8:$AW8<>"")*(1/(1+EXP(-(Q8-'03_Lap_b'!$B$25:$AW$25))))) | S8: =SUMPRODUCT(('01_Data'!$B8:$AW8<>"")*(1/(1+EXP(-(Q8-'03_Lap_b'!$B$25:$AW$25))))^2) | T8: =MEDIAN(-6,Q8+(C8-R8)/MAX(R8-S8,0.000000001),6) | U8: =SUMPRODUCT(('01_Data'!$B8:$AW8<>"")*(1/(1+EXP(-(T8-'03_Lap_b'!$B$30:$AW$30))))) | V8: =SUMPRODUCT(('01_Data'!$B8:$AW8<>"")*(1/(1+EXP(-(T8-'03_Lap_b'!$B$30:$AW$30))))^2) | W8: =MEDIAN(-6,T8+(C8-U8)/MAX(U8-V8,0.000000001),6) | X8: =SUMPRODUCT(('01_Data'!$B8:$AW8<>"")*(1/(1+EXP(-(W8-'03_Lap_b'!$B$35:$AW$35))))) | Y8: =SUMPRODUCT(('01_Data'!$B8:$AW8<>"")*(1/(1+EXP(-(W8-'03_Lap_b'!$B$35:$AW$35))))^2) | Z8: =MEDIAN(-6,W8+(C8-X8)/MAX(X8-Y8,0.000000001),6) | AA8: =SUMPRODUCT(('01_Data'!$B8:$AW8<>"")*(1/(1+EXP(-(Z8-'03_Lap_b'!$B$40:$AW$40))))) | AB8: =SUMPRODUCT(('01_Data'!$B8:$AW8<>"")*(1/(1+EXP(-(Z8-'03_Lap_b'!$B$40:$AW$40))))^2) | AC8: =MEDIAN(-6,Z8+(C8-AA8)/MAX(AA8-AB8,0.000000001),6)
A9: 8 | B9: ='01_Data'!A9 | C9: =SUM('01_Data'!$B9:$AW9) | D9: =COUNT('01_Data'!$B9:$AW9) | E9: =MEDIAN(-6,LN((C9+0.3)/(D9-C9+0.3)),6) | F9: =SUMPRODUCT(('01_Data'!$B9:$AW9<>"")*(1/(1+EXP(-(E9-'03_Lap_b'!$B$5:$AW$5))))) | G9: =SUMPRODUCT(('01_Data'!$B9:$AW9<>"")*(1/(1+EXP(-(E9-'03_Lap_b'!$B$5:$AW$5))))^2) | H9: =MEDIAN(-6,E9+(C9-F9)/MAX(F9-G9,0.000000001),6) | I9: =SUMPRODUCT(('01_Data'!$B9:$AW9<>"")*(1/(1+EXP(-(H9-'03_Lap_b'!$B$10:$AW$10))))) | J9: =SUMPRODUCT(('01_Data'!$B9:$AW9<>"")*(1/(1+EXP(-(H9-'03_Lap_b'!$B$10:$AW$10))))^2) | K9: =MEDIAN(-6,H9+(C9-I9)/MAX(I9-J9,0.000000001),6) | L9: =SUMPRODUCT(('01_Data'!$B9:$AW9<>"")*(1/(1+EXP(-(K9-'03_Lap_b'!$B$15:$AW$15))))) | M9: =SUMPRODUCT(('01_Data'!$B9:$AW9<>"")*(1/(1+EXP(-(K9-'03_Lap_b'!$B$15:$AW$15))))^2) | N9: =MEDIAN(-6,K9+(C9-L9)/MAX(L9-M9,0.000000001),6) | O9: =SUMPRODUCT(('01_Data'!$B9:$AW9<>"")*(1/(1+EXP(-(N9-'03_Lap_b'!$B$20:$AW$20))))) | P9: =SUMPRODUCT(('01_Data'!$B9:$AW9<>"")*(1/(1+EXP(-(N9-'03_Lap_b'!$B$20:$AW$20))))^2) | Q9: =MEDIAN(-6,N9+(C9-O9)/MAX(O9-P9,0.000000001),6) | R9: =SUMPRODUCT(('01_Data'!$B9:$AW9<>"")*(1/(1+EXP(-(Q9-'03_Lap_b'!$B$25:$AW$25))))) | S9: =SUMPRODUCT(('01_Data'!$B9:$AW9<>"")*(1/(1+EXP(-(Q9-'03_Lap_b'!$B$25:$AW$25))))^2) | T9: =MEDIAN(-6,Q9+(C9-R9)/MAX(R9-S9,0.000000001),6) | U9: =SUMPRODUCT(('01_Data'!$B9:$AW9<>"")*(1/(1+EXP(-(T9-'03_Lap_b'!$B$30:$AW$30))))) | V9: =SUMPRODUCT(('01_Data'!$B9:$AW9<>"")*(1/(1+EXP(-(T9-'03_Lap_b'!$B$30:$AW$30))))^2) | W9: =MEDIAN(-6,T9+(C9-U9)/MAX(U9-V9,0.000000001),6) | X9: =SUMPRODUCT(('01_Data'!$B9:$AW9<>"")*(1/(1+EXP(-(W9-'03_Lap_b'!$B$35:$AW$35))))) | Y9: =SUMPRODUCT(('01_Data'!$B9:$AW9<>"")*(1/(1+EXP(-(W9-'03_Lap_b'!$B$35:$AW$35))))^2) | Z9: =MEDIAN(-6,W9+(C9-X9)/MAX(X9-Y9,0.000000001),6) | AA9: =SUMPRODUCT(('01_Data'!$B9:$AW9<>"")*(1/(1+EXP(-(Z9-'03_Lap_b'!$B$40:$AW$40))))) | AB9: =SUMPRODUCT(('01_Data'!$B9:$AW9<>"")*(1/(1+EXP(-(Z9-'03_Lap_b'!$B$40:$AW$40))))^2) | AC9: =MEDIAN(-6,Z9+(C9-AA9)/MAX(AA9-AB9,0.000000001),6)
A10: 9 | B10: ='01_Data'!A10 | C10: =SUM('01_Data'!$B10:$AW10) | D10: =COUNT('01_Data'!$B10:$AW10) | E10: =MEDIAN(-6,LN((C10+0.3)/(D10-C10+0.3)),6) | F10: =SUMPRODUCT(('01_Data'!$B10:$AW10<>"")*(1/(1+EXP(-(E10-'03_Lap_b'!$B$5:$AW$5))))) | G10: =SUMPRODUCT(('01_Data'!$B10:$AW10<>"")*(1/(1+EXP(-(E10-'03_Lap_b'!$B$5:$AW$5))))^2) | H10: =MEDIAN(-6,E10+(C10-F10)/MAX(F10-G10,0.000000001),6) | I10: =SUMPRODUCT(('01_Data'!$B10:$AW10<>"")*(1/(1+EXP(-(H10-'03_Lap_b'!$B$10:$AW$10))))) | J10: =SUMPRODUCT(('01_Data'!$B10:$AW10<>"")*(1/(1+EXP(-(H10-'03_Lap_b'!$B$10:$AW$10))))^2) | K10: =MEDIAN(-6,H10+(C10-I10)/MAX(I10-J10,0.000000001),6) | L10: =SUMPRODUCT(('01_Data'!$B10:$AW10<>"")*(1/(1+EXP(-(K10-'03_Lap_b'!$B$15:$AW$15))))) | M10: =SUMPRODUCT(('01_Data'!$B10:$AW10<>"")*(1/(1+EXP(-(K10-'03_Lap_b'!$B$15:$AW$15))))^2) | N10: =MEDIAN(-6,K10+(C10-L10)/MAX(L10-M10,0.000000001),6) | O10: =SUMPRODUCT(('01_Data'!$B10:$AW10<>"")*(1/(1+EXP(-(N10-'03_Lap_b'!$B$20:$AW$20))))) | P10: =SUMPRODUCT(('01_Data'!$B10:$AW10<>"")*(1/(1+EXP(-(N10-'03_Lap_b'!$B$20:$AW$20))))^2) | Q10: =MEDIAN(-6,N10+(C10-O10)/MAX(O10-P10,0.000000001),6) | R10: =SUMPRODUCT(('01_Data'!$B10:$AW10<>"")*(1/(1+EXP(-(Q10-'03_Lap_b'!$B$25:$AW$25))))) | S10: =SUMPRODUCT(('01_Data'!$B10:$AW10<>"")*(1/(1+EXP(-(Q10-'03_Lap_b'!$B$25:$AW$25))))^2) | T10: =MEDIAN(-6,Q10+(C10-R10)/MAX(R10-S10,0.000000001),6) | U10: =SUMPRODUCT(('01_Data'!$B10:$AW10<>"")*(1/(1+EXP(-(T10-'03_Lap_b'!$B$30:$AW$30))))) | V10: =SUMPRODUCT(('01_Data'!$B10:$AW10<>"")*(1/(1+EXP(-(T10-'03_Lap_b'!$B$30:$AW$30))))^2) | W10: =MEDIAN(-6,T10+(C10-U10)/MAX(U10-V10,0.000000001),6) | X10: =SUMPRODUCT(('01_Data'!$B10:$AW10<>"")*(1/(1+EXP(-(W10-'03_Lap_b'!$B$35:$AW$35))))) | Y10: =SUMPRODUCT(('01_Data'!$B10:$AW10<>"")*(1/(1+EXP(-(W10-'03_Lap_b'!$B$35:$AW$35))))^2) | Z10: =MEDIAN(-6,W10+(C10-X10)/MAX(X10-Y10,0.000000001),6) | AA10: =SUMPRODUCT(('01_Data'!$B10:$AW10<>"")*(1/(1+EXP(-(Z10-'03_Lap_b'!$B$40:$AW$40))))) | AB10: =SUMPRODUCT(('01_Data'!$B10:$AW10<>"")*(1/(1+EXP(-(Z10-'03_Lap_b'!$B$40:$AW$40))))^2) | AC10: =MEDIAN(-6,Z10+(C10-AA10)/MAX(AA10-AB10,0.000000001),6)
A11: 10 | B11: ='01_Data'!A11 | C11: =SUM('01_Data'!$B11:$AW11) | D11: =COUNT('01_Data'!$B11:$AW11) | E11: =MEDIAN(-6,LN((C11+0.3)/(D11-C11+0.3)),6) | F11: =SUMPRODUCT(('01_Data'!$B11:$AW11<>"")*(1/(1+EXP(-(E11-'03_Lap_b'!$B$5:$AW$5))))) | G11: =SUMPRODUCT(('01_Data'!$B11:$AW11<>"")*(1/(1+EXP(-(E11-'03_Lap_b'!$B$5:$AW$5))))^2) | H11: =MEDIAN(-6,E11+(C11-F11)/MAX(F11-G11,0.000000001),6) | I11: =SUMPRODUCT(('01_Data'!$B11:$AW11<>"")*(1/(1+EXP(-(H11-'03_Lap_b'!$B$10:$AW$10))))) | J11: =SUMPRODUCT(('01_Data'!$B11:$AW11<>"")*(1/(1+EXP(-(H11-'03_Lap_b'!$B$10:$AW$10))))^2) | K11: =MEDIAN(-6,H11+(C11-I11)/MAX(I11-J11,0.000000001),6) | L11: =SUMPRODUCT(('01_Data'!$B11:$AW11<>"")*(1/(1+EXP(-(K11-'03_Lap_b'!$B$15:$AW$15))))) | M11: =SUMPRODUCT(('01_Data'!$B11:$AW11<>"")*(1/(1+EXP(-(K11-'03_Lap_b'!$B$15:$AW$15))))^2) | N11: =MEDIAN(-6,K11+(C11-L11)/MAX(L11-M11,0.000000001),6) | O11: =SUMPRODUCT(('01_Data'!$B11:$AW11<>"")*(1/(1+EXP(-(N11-'03_Lap_b'!$B$20:$AW$20))))) | P11: =SUMPRODUCT(('01_Data'!$B11:$AW11<>"")*(1/(1+EXP(-(N11-'03_Lap_b'!$B$20:$AW$20))))^2) | Q11: =MEDIAN(-6,N11+(C11-O11)/MAX(O11-P11,0.000000001),6) | R11: =SUMPRODUCT(('01_Data'!$B11:$AW11<>"")*(1/(1+EXP(-(Q11-'03_Lap_b'!$B$25:$AW$25))))) | S11: =SUMPRODUCT(('01_Data'!$B11:$AW11<>"")*(1/(1+EXP(-(Q11-'03_Lap_b'!$B$25:$AW$25))))^2) | T11: =MEDIAN(-6,Q11+(C11-R11)/MAX(R11-S11,0.000000001),6) | U11: =SUMPRODUCT(('01_Data'!$B11:$AW11<>"")*(1/(1+EXP(-(T11-'03_Lap_b'!$B$30:$AW$30))))) | V11: =SUMPRODUCT(('01_Data'!$B11:$AW11<>"")*(1/(1+EXP(-(T11-'03_Lap_b'!$B$30:$AW$30))))^2) | W11: =MEDIAN(-6,T11+(C11-U11)/MAX(U11-V11,0.000000001),6) | X11: =SUMPRODUCT(('01_Data'!$B11:$AW11<>"")*(1/(1+EXP(-(W11-'03_Lap_b'!$B$35:$AW$35))))) | Y11: =SUMPRODUCT(('01_Data'!$B11:$AW11<>"")*(1/(1+EXP(-(W11-'03_Lap_b'!$B$35:$AW$35))))^2) | Z11: =MEDIAN(-6,W11+(C11-X11)/MAX(X11-Y11,0.000000001),6) | AA11: =SUMPRODUCT(('01_Data'!$B11:$AW11<>"")*(1/(1+EXP(-(Z11-'03_Lap_b'!$B$40:$AW$40))))) | AB11: =SUMPRODUCT(('01_Data'!$B11:$AW11<>"")*(1/(1+EXP(-(Z11-'03_Lap_b'!$B$40:$AW$40))))^2) | AC11: =MEDIAN(-6,Z11+(C11-AA11)/MAX(AA11-AB11,0.000000001),6)
A12: 11 | B12: ='01_Data'!A12 | C12: =SUM('01_Data'!$B12:$AW12) | D12: =COUNT('01_Data'!$B12:$AW12) | E12: =MEDIAN(-6,LN((C12+0.3)/(D12-C12+0.3)),6) | F12: =SUMPRODUCT(('01_Data'!$B12:$AW12<>"")*(1/(1+EXP(-(E12-'03_Lap_b'!$B$5:$AW$5))))) | G12: =SUMPRODUCT(('01_Data'!$B12:$AW12<>"")*(1/(1+EXP(-(E12-'03_Lap_b'!$B$5:$AW$5))))^2) | H12: =MEDIAN(-6,E12+(C12-F12)/MAX(F12-G12,0.000000001),6) | I12: =SUMPRODUCT(('01_Data'!$B12:$AW12<>"")*(1/(1+EXP(-(H12-'03_Lap_b'!$B$10:$AW$10))))) | J12: =SUMPRODUCT(('01_Data'!$B12:$AW12<>"")*(1/(1+EXP(-(H12-'03_Lap_b'!$B$10:$AW$10))))^2) | K12: =MEDIAN(-6,H12+(C12-I12)/MAX(I12-J12,0.000000001),6) | L12: =SUMPRODUCT(('01_Data'!$B12:$AW12<>"")*(1/(1+EXP(-(K12-'03_Lap_b'!$B$15:$AW$15))))) | M12: =SUMPRODUCT(('01_Data'!$B12:$AW12<>"")*(1/(1+EXP(-(K12-'03_Lap_b'!$B$15:$AW$15))))^2) | N12: =MEDIAN(-6,K12+(C12-L12)/MAX(L12-M12,0.000000001),6) | O12: =SUMPRODUCT(('01_Data'!$B12:$AW12<>"")*(1/(1+EXP(-(N12-'03_Lap_b'!$B$20:$AW$20))))) | P12: =SUMPRODUCT(('01_Data'!$B12:$AW12<>"")*(1/(1+EXP(-(N12-'03_Lap_b'!$B$20:$AW$20))))^2) | Q12: =MEDIAN(-6,N12+(C12-O12)/MAX(O12-P12,0.000000001),6) | R12: =SUMPRODUCT(('01_Data'!$B12:$AW12<>"")*(1/(1+EXP(-(Q12-'03_Lap_b'!$B$25:$AW$25))))) | S12: =SUMPRODUCT(('01_Data'!$B12:$AW12<>"")*(1/(1+EXP(-(Q12-'03_Lap_b'!$B$25:$AW$25))))^2) | T12: =MEDIAN(-6,Q12+(C12-R12)/MAX(R12-S12,0.000000001),6) | U12: =SUMPRODUCT(('01_Data'!$B12:$AW12<>"")*(1/(1+EXP(-(T12-'03_Lap_b'!$B$30:$AW$30))))) | V12: =SUMPRODUCT(('01_Data'!$B12:$AW12<>"")*(1/(1+EXP(-(T12-'03_Lap_b'!$B$30:$AW$30))))^2) | W12: =MEDIAN(-6,T12+(C12-U12)/MAX(U12-V12,0.000000001),6) | X12: =SUMPRODUCT(('01_Data'!$B12:$AW12<>"")*(1/(1+EXP(-(W12-'03_Lap_b'!$B$35:$AW$35))))) | Y12: =SUMPRODUCT(('01_Data'!$B12:$AW12<>"")*(1/(1+EXP(-(W12-'03_Lap_b'!$B$35:$AW$35))))^2) | Z12: =MEDIAN(-6,W12+(C12-X12)/MAX(X12-Y12,0.000000001),6) | AA12: =SUMPRODUCT(('01_Data'!$B12:$AW12<>"")*(1/(1+EXP(-(Z12-'03_Lap_b'!$B$40:$AW$40))))) | AB12: =SUMPRODUCT(('01_Data'!$B12:$AW12<>"")*(1/(1+EXP(-(Z12-'03_Lap_b'!$B$40:$AW$40))))^2) | AC12: =MEDIAN(-6,Z12+(C12-AA12)/MAX(AA12-AB12,0.000000001),6)
A13: 12 | B13: ='01_Data'!A13 | C13: =SUM('01_Data'!$B13:$AW13) | D13: =COUNT('01_Data'!$B13:$AW13) | E13: =MEDIAN(-6,LN((C13+0.3)/(D13-C13+0.3)),6) | F13: =SUMPRODUCT(('01_Data'!$B13:$AW13<>"")*(1/(1+EXP(-(E13-'03_Lap_b'!$B$5:$AW$5))))) | G13: =SUMPRODUCT(('01_Data'!$B13:$AW13<>"")*(1/(1+EXP(-(E13-'03_Lap_b'!$B$5:$AW$5))))^2) | H13: =MEDIAN(-6,E13+(C13-F13)/MAX(F13-G13,0.000000001),6) | I13: =SUMPRODUCT(('01_Data'!$B13:$AW13<>"")*(1/(1+EXP(-(H13-'03_Lap_b'!$B$10:$AW$10))))) | J13: =SUMPRODUCT(('01_Data'!$B13:$AW13<>"")*(1/(1+EXP(-(H13-'03_Lap_b'!$B$10:$AW$10))))^2) | K13: =MEDIAN(-6,H13+(C13-I13)/MAX(I13-J13,0.000000001),6) | L13: =SUMPRODUCT(('01_Data'!$B13:$AW13<>"")*(1/(1+EXP(-(K13-'03_Lap_b'!$B$15:$AW$15))))) | M13: =SUMPRODUCT(('01_Data'!$B13:$AW13<>"")*(1/(1+EXP(-(K13-'03_Lap_b'!$B$15:$AW$15))))^2) | N13: =MEDIAN(-6,K13+(C13-L13)/MAX(L13-M13,0.000000001),6) | O13: =SUMPRODUCT(('01_Data'!$B13:$AW13<>"")*(1/(1+EXP(-(N13-'03_Lap_b'!$B$20:$AW$20))))) | P13: =SUMPRODUCT(('01_Data'!$B13:$AW13<>"")*(1/(1+EXP(-(N13-'03_Lap_b'!$B$20:$AW$20))))^2) | Q13: =MEDIAN(-6,N13+(C13-O13)/MAX(O13-P13,0.000000001),6) | R13: =SUMPRODUCT(('01_Data'!$B13:$AW13<>"")*(1/(1+EXP(-(Q13-'03_Lap_b'!$B$25:$AW$25))))) | S13: =SUMPRODUCT(('01_Data'!$B13:$AW13<>"")*(1/(1+EXP(-(Q13-'03_Lap_b'!$B$25:$AW$25))))^2) | T13: =MEDIAN(-6,Q13+(C13-R13)/MAX(R13-S13,0.000000001),6) | U13: =SUMPRODUCT(('01_Data'!$B13:$AW13<>"")*(1/(1+EXP(-(T13-'03_Lap_b'!$B$30:$AW$30))))) | V13: =SUMPRODUCT(('01_Data'!$B13:$AW13<>"")*(1/(1+EXP(-(T13-'03_Lap_b'!$B$30:$AW$30))))^2) | W13: =MEDIAN(-6,T13+(C13-U13)/MAX(U13-V13,0.000000001),6) | X13: =SUMPRODUCT(('01_Data'!$B13:$AW13<>"")*(1/(1+EXP(-(W13-'03_Lap_b'!$B$35:$AW$35))))) | Y13: =SUMPRODUCT(('01_Data'!$B13:$AW13<>"")*(1/(1+EXP(-(W13-'03_Lap_b'!$B$35:$AW$35))))^2) | Z13: =MEDIAN(-6,W13+(C13-X13)/MAX(X13-Y13,0.000000001),6) | AA13: =SUMPRODUCT(('01_Data'!$B13:$AW13<>"")*(1/(1+EXP(-(Z13-'03_Lap_b'!$B$40:$AW$40))))) | AB13: =SUMPRODUCT(('01_Data'!$B13:$AW13<>"")*(1/(1+EXP(-(Z13-'03_Lap_b'!$B$40:$AW$40))))^2) | AC13: =MEDIAN(-6,Z13+(C13-AA13)/MAX(AA13-AB13,0.000000001),6)
... A1038: 1037 | B1038: ='01_Data'!A1038 | C1038: =SUM('01_Data'!$B1038:$AW1038) | D1038: =COUNT('01_Data'!$B1038:$AW1038) | E1038: =MEDIAN(-6,LN((C1038+0.3)/(D1038-C1038+0.3)),6) | F1038: =SUMPRODUCT(('01_Data'!$B1038:$AW1038<>"")*(1/(1+EXP(-(E1038-'03_Lap_b'!$B$5:$AW$5))))) | G1038: =SUMPRODUCT(('01_Data'!$B1038:$AW1038<>"")*(1/(1+EXP(-(E1038-'03_Lap_b'!$B$5:$AW$5))))^2) | H1038: =MEDIAN(-6,E1038+(C1038-F1038)/MAX(F1038-G1038,0.000000001),6) | I1038: =SUMPRODUCT(('01_Data'!$B1038:$AW1038<>"")*(1/(1+EXP(-(H1038-'03_Lap_b'!$B$10:$AW$10))))) | J1038: =SUMPRODUCT(('01_Data'!$B1038:$AW1038<>"")*(1/(1+EXP(-(H1038-'03_Lap_b'!$B$10:$AW$10))))^2) | K1038: =MEDIAN(-6,H1038+(C1038-I1038)/MAX(I1038-J1038,0.000000001),6) | L1038: =SUMPRODUCT(('01_Data'!$B1038:$AW1038<>"")*(1/(1+EXP(-(K1038-'03_Lap_b'!$B$15:$AW$15))))) | M1038: =SUMPRODUCT(('01_Data'!$B1038:$AW1038<>"")*(1/(1+EXP(-(K1038-'03_Lap_b'!$B$15:$AW$15))))^2) | N1038: =MEDIAN(-6,K1038+(C1038-L1038)/MAX(L1038-M1038,0.000000001),6) | O1038: =SUMPRODUCT(('01_Data'!$B1038:$AW1038<>"")*(1/(1+EXP(-(N1038-'03_Lap_b'!$B$20:$AW$20))))) | P1038: =SUMPRODUCT(('01_Data'!$B1038:$AW1038<>"")*(1/(1+EXP(-(N1038-'03_Lap_b'!$B$20:$AW$20))))^2) | Q1038: =MEDIAN(-6,N1038+(C1038-O1038)/MAX(O1038-P1038,0.000000001),6) | R1038: =SUMPRODUCT(('01_Data'!$B1038:$AW1038<>"")*(1/(1+EXP(-(Q1038-'03_Lap_b'!$B$25:$AW$25))))) | S1038: =SUMPRODUCT(('01_Data'!$B1038:$AW1038<>"")*(1/(1+EXP(-(Q1038-'03_Lap_b'!$B$25:$AW$25))))^2) | T1038: =MEDIAN(-6,Q1038+(C1038-R1038)/MAX(R1038-S1038,0.000000001),6) | U1038: =SUMPRODUCT(('01_Data'!$B1038:$AW1038<>"")*(1/(1+EXP(-(T1038-'03_Lap_b'!$B$30:$AW$30))))) | V1038: =SUMPRODUCT(('01_Data'!$B1038:$AW1038<>"")*(1/(1+EXP(-(T1038-'03_Lap_b'!$B$30:$AW$30))))^2) | W1038: =MEDIAN(-6,T1038+(C1038-U1038)/MAX(U1038-V1038,0.000000001),6) | X1038: =SUMPRODUCT(('01_Data'!$B1038:$AW1038<>"")*(1/(1+EXP(-(W1038-'03_Lap_b'!$B$35:$AW$35))))) | Y1038: =SUMPRODUCT(('01_Data'!$B1038:$AW1038<>"")*(1/(1+EXP(-(W1038-'03_Lap_b'!$B$35:$AW$35))))^2) | Z1038: =MEDIAN(-6,W1038+(C1038-X1038)/MAX(X1038-Y1038,0.000000001),6) | AA1038: =SUMPRODUCT(('01_Data'!$B1038:$AW1038<>"")*(1/(1+EXP(-(Z1038-'03_Lap_b'!$B$40:$AW$40))))) | AB1038: =SUMPRODUCT(('01_Data'!$B1038:$AW1038<>"")*(1/(1+EXP(-(Z1038-'03_Lap_b'!$B$40:$AW$40))))^2) | AC1038: =MEDIAN(-6,Z1038+(C1038-AA1038)/MAX(AA1038-AB1038,0.000000001),6)

Sheet 03_Lap_b
A1: Item → | B1: Câu 1 MC | C1: Câu 2 MC | D1: Câu 3 MC | E1: Câu 4 MC | F1: Câu 5 MC | G1: Câu 6 MC | H1: Câu 7 MC | I1: Câu 8 MC | J1: Câu 9 MC | K1: Câu 10 MC | L1: Câu 24 MC | M1: Câu 23 MC | N1: Câu 11 MC | O1: Câu 12 MC | P1: Câu 13 MC | Q1: Câu 22 MC | R1: Câu 16 MC | S1: Câu 17 MC | T1: Câu 18 MC | U1: Câu 14 MC | V1: Câu 15 MC | W1: Câu 19 MC | X1: Câu 20 MC | Y1: Câu 21 MC | Z1: Câu 25.a TF | AA1: Câu 25.b TF | AB1: Câu 25.c TF | AC1: Câu 25.d TF | AD1: Câu 27.a TF | AE1: Câu 27.b TF | AF1: Câu 27.c TF | AG1: Câu 27.d TF | AH1: Câu 26.a TF | AI1: Câu 26.b TF | AJ1: Câu 26.c TF | AK1: Câu 26.d TF | AL1: Câu 28.a TF | AM1: Câu 28.b TF | AN1: Câu 28.c TF | AO1: Câu 28.d TF | AP1: Câu 29.a TF | AQ1: Câu 29.b TF | AR1: Câu 29.c TF | AS1: Câu 29.d TF | AT1: Câu 30.a TF | AU1: Câu 30.b TF | AV1: Câu 30.c TF | AW1: Câu 30.d TF
B2: 208493209536 | C2: 208493412207 | D2: 208493634375 | E2: 208493806712 | F2: 208494503646 | G2: 208495066643 | H2: 208495459130 | I2: 208495984573 | J2: 208496326564 | K2: 208497043631 | L2: 208497697530 | M2: 208497947837 | N2: 208498680706 | O2: 208498750254 | P2: 208500103341 | Q2: 208500538567 | R2: 208501397853 | S2: 208501882621 | T2: 208502464537 | U2: 208518915377 | V2: 208519541200 | W2: 208519949207 | X2: 208520832930 | Y2: 208521276474 | Z2: 208529022568_a | AA2: 208529022568_b | AB2: 208529022568_c | AC2: 208529022568_d | AD2: 208560377855_a | AE2: 208560377855_b | AF2: 208560377855_c | AG2: 208560377855_d | AH2: 208572448723_a | AI2: 208572448723_b | AJ2: 208572448723_c | AK2: 208572448723_d | AL2: 208572588199_a | AM2: 208572588199_b | AN2: 208572588199_c | AO2: 208572588199_d | AP2: 208572673790_a | AQ2: 208572673790_b | AR2: 208572673790_c | AS2: 208572673790_d | AT2: 208576851532_a | AU2: 208576851532_b | AV2: 208576851532_c | AW2: 208576851532_d
A5: b0 (canh tâm) | B5: ='02_KhoiTao'!$I$2 | C5: ='02_KhoiTao'!$I$3 | D5: ='02_KhoiTao'!$I$4 | E5: ='02_KhoiTao'!$I$5 | F5: ='02_KhoiTao'!$I$6 | G5: ='02_KhoiTao'!$I$7 | H5: ='02_KhoiTao'!$I$8 | I5: ='02_KhoiTao'!$I$9 | J5: ='02_KhoiTao'!$I$10 | K5: ='02_KhoiTao'!$I$11 | L5: ='02_KhoiTao'!$I$12 | M5: ='02_KhoiTao'!$I$13 | N5: ='02_KhoiTao'!$I$14 | O5: ='02_KhoiTao'!$I$15 | P5: ='02_KhoiTao'!$I$16 | Q5: ='02_KhoiTao'!$I$17 | R5: ='02_KhoiTao'!$I$18 | S5: ='02_KhoiTao'!$I$19 | T5: ='02_KhoiTao'!$I$20 | U5: ='02_KhoiTao'!$I$21 | V5: ='02_KhoiTao'!$I$22 | W5: ='02_KhoiTao'!$I$23 | X5: ='02_KhoiTao'!$I$24 | Y5: ='02_KhoiTao'!$I$25 | Z5: ='02_KhoiTao'!$I$26 | AA5: ='02_KhoiTao'!$I$27 | AB5: ='02_KhoiTao'!$I$28 | AC5: ='02_KhoiTao'!$I$29 | AD5: ='02_KhoiTao'!$I$30 | AE5: ='02_KhoiTao'!$I$31 | AF5: ='02_KhoiTao'!$I$32 | AG5: ='02_KhoiTao'!$I$33 | AH5: ='02_KhoiTao'!$I$34 | AI5: ='02_KhoiTao'!$I$35 | AJ5: ='02_KhoiTao'!$I$36 | AK5: ='02_KhoiTao'!$I$37 | AL5: ='02_KhoiTao'!$I$38 | AM5: ='02_KhoiTao'!$I$39 | AN5: ='02_KhoiTao'!$I$40 | AO5: ='02_KhoiTao'!$I$41 | AP5: ='02_KhoiTao'!$I$42 | AQ5: ='02_KhoiTao'!$I$43 | AR5: ='02_KhoiTao'!$I$44 | AS5: ='02_KhoiTao'!$I$45 | AT5: ='02_KhoiTao'!$I$46 | AU5: ='02_KhoiTao'!$I$47 | AV5: ='02_KhoiTao'!$I$48 | AW5: ='02_KhoiTao'!$I$49
A7: ΣP vòng 1 | B7: =SUMPRODUCT(('01_Data'!B2:B1038<>"")*(1/(1+EXP(-('03_Lap_Theta'!$H$2:$H$1038-B5))))) | C7: =SUMPRODUCT(('01_Data'!C2:C1038<>"")*(1/(1+EXP(-('03_Lap_Theta'!$H$2:$H$1038-C5))))) | D7: =SUMPRODUCT(('01_Data'!D2:D1038<>"")*(1/(1+EXP(-('03_Lap_Theta'!$H$2:$H$1038-D5))))) | E7: =SUMPRODUCT(('01_Data'!E2:E1038<>"")*(1/(1+EXP(-('03_Lap_Theta'!$H$2:$H$1038-E5))))) | F7: =SUMPRODUCT(('01_Data'!F2:F1038<>"")*(1/(1+EXP(-('03_Lap_Theta'!$H$2:$H$1038-F5))))) | G7: =SUMPRODUCT(('01_Data'!G2:G1038<>"")*(1/(1+EXP(-('03_Lap_Theta'!$H$2:$H$1038-G5))))) | H7: =SUMPRODUCT(('01_Data'!H2:H1038<>"")*(1/(1+EXP(-('03_Lap_Theta'!$H$2:$H$1038-H5))))) | I7: =SUMPRODUCT(('01_Data'!I2:I1038<>"")*(1/(1+EXP(-('03_Lap_Theta'!$H$2:$H$1038-I5))))) | ... AW7: =SUMPRODUCT(('01_Data'!AW2:AW1038<>"")*(1/(1+EXP(-('03_Lap_Theta'!$H$2:$H$1038-AW5)))))
A8: ΣP² vòng 1 | B8: =SUMPRODUCT(('01_Data'!B2:B1038<>"")*(1/(1+EXP(-('03_Lap_Theta'!$H$2:$H$1038-B5))))^2) | C8: =SUMPRODUCT(('01_Data'!C2:C1038<>"")*(1/(1+EXP(-('03_Lap_Theta'!$H$2:$H$1038-C5))))^2) | D8: =SUMPRODUCT(('01_Data'!D2:D1038<>"")*(1/(1+EXP(-('03_Lap_Theta'!$H$2:$H$1038-D5))))^2) | E8: =SUMPRODUCT(('01_Data'!E2:E1038<>"")*(1/(1+EXP(-('03_Lap_Theta'!$H$2:$H$1038-E5))))^2) | F8: =SUMPRODUCT(('01_Data'!F2:F1038<>"")*(1/(1+EXP(-('03_Lap_Theta'!$H$2:$H$1038-F5))))^2) | G8: =SUMPRODUCT(('01_Data'!G2:G1038<>"")*(1/(1+EXP(-('03_Lap_Theta'!$H$2:$H$1038-G5))))^2) | H8: =SUMPRODUCT(('01_Data'!H2:H1038<>"")*(1/(1+EXP(-('03_Lap_Theta'!$H$2:$H$1038-H5))))^2) | I8: =SUMPRODUCT(('01_Data'!I2:I1038<>"")*(1/(1+EXP(-('03_Lap_Theta'!$H$2:$H$1038-I5))))^2) | ... AW8: =SUMPRODUCT(('01_Data'!AW2:AW1038<>"")*(1/(1+EXP(-('03_Lap_Theta'!$H$2:$H$1038-AW5))))^2)
A9: b1_raw | B9: =MEDIAN(-6,B5+(B7-'02_KhoiTao'!$E$2)/MAX(B7-B8,0.000000001),6) | C9: =MEDIAN(-6,C5+(C7-'02_KhoiTao'!$E$3)/MAX(C7-C8,0.000000001),6) | D9: =MEDIAN(-6,D5+(D7-'02_KhoiTao'!$E$4)/MAX(D7-D8,0.000000001),6) | E9: =MEDIAN(-6,E5+(E7-'02_KhoiTao'!$E$5)/MAX(E7-E8,0.000000001),6) | F9: =MEDIAN(-6,F5+(F7-'02_KhoiTao'!$E$6)/MAX(F7-F8,0.000000001),6) | G9: =MEDIAN(-6,G5+(G7-'02_KhoiTao'!$E$7)/MAX(G7-G8,0.000000001),6) | H9: =MEDIAN(-6,H5+(H7-'02_KhoiTao'!$E$8)/MAX(H7-H8,0.000000001),6) | I9: =MEDIAN(-6,I5+(I7-'02_KhoiTao'!$E$9)/MAX(I7-I8,0.000000001),6) | J9: =MEDIAN(-6,J5+(J7-'02_KhoiTao'!$E$10)/MAX(J7-J8,0.000000001),6) | K9: =MEDIAN(-6,K5+(K7-'02_KhoiTao'!$E$11)/MAX(K7-K8,0.000000001),6) | L9: =MEDIAN(-6,L5+(L7-'02_KhoiTao'!$E$12)/MAX(L7-L8,0.000000001),6) | M9: =MEDIAN(-6,M5+(M7-'02_KhoiTao'!$E$13)/MAX(M7-M8,0.000000001),6) | N9: =MEDIAN(-6,N5+(N7-'02_KhoiTao'!$E$14)/MAX(N7-N8,0.000000001),6) | O9: =MEDIAN(-6,O5+(O7-'02_KhoiTao'!$E$15)/MAX(O7-O8,0.000000001),6) | P9: =MEDIAN(-6,P5+(P7-'02_KhoiTao'!$E$16)/MAX(P7-P8,0.000000001),6) | Q9: =MEDIAN(-6,Q5+(Q7-'02_KhoiTao'!$E$17)/MAX(Q7-Q8,0.000000001),6) | R9: =MEDIAN(-6,R5+(R7-'02_KhoiTao'!$E$18)/MAX(R7-R8,0.000000001),6) | S9: =MEDIAN(-6,S5+(S7-'02_KhoiTao'!$E$19)/MAX(S7-S8,0.000000001),6) | T9: =MEDIAN(-6,T5+(T7-'02_KhoiTao'!$E$20)/MAX(T7-T8,0.000000001),6) | U9: =MEDIAN(-6,U5+(U7-'02_KhoiTao'!$E$21)/MAX(U7-U8,0.000000001),6) | V9: =MEDIAN(-6,V5+(V7-'02_KhoiTao'!$E$22)/MAX(V7-V8,0.000000001),6) | W9: =MEDIAN(-6,W5+(W7-'02_KhoiTao'!$E$23)/MAX(W7-W8,0.000000001),6) | X9: =MEDIAN(-6,X5+(X7-'02_KhoiTao'!$E$24)/MAX(X7-X8,0.000000001),6) | Y9: =MEDIAN(-6,Y5+(Y7-'02_KhoiTao'!$E$25)/MAX(Y7-Y8,0.000000001),6) | Z9: =MEDIAN(-6,Z5+(Z7-'02_KhoiTao'!$E$26)/MAX(Z7-Z8,0.000000001),6) | AA9: =MEDIAN(-6,AA5+(AA7-'02_KhoiTao'!$E$27)/MAX(AA7-AA8,0.000000001),6) | AB9: =MEDIAN(-6,AB5+(AB7-'02_KhoiTao'!$E$28)/MAX(AB7-AB8,0.000000001),6) | AC9: =MEDIAN(-6,AC5+(AC7-'02_KhoiTao'!$E$29)/MAX(AC7-AC8,0.000000001),6) | AD9: =MEDIAN(-6,AD5+(AD7-'02_KhoiTao'!$E$30)/MAX(AD7-AD8,0.000000001),6) | AE9: =MEDIAN(-6,AE5+(AE7-'02_KhoiTao'!$E$31)/MAX(AE7-AE8,0.000000001),6) | AF9: =MEDIAN(-6,AF5+(AF7-'02_KhoiTao'!$E$32)/MAX(AF7-AF8,0.000000001),6) | AG9: =MEDIAN(-6,AG5+(AG7-'02_KhoiTao'!$E$33)/MAX(AG7-AG8,0.000000001),6) | AH9: =MEDIAN(-6,AH5+(AH7-'02_KhoiTao'!$E$34)/MAX(AH7-AH8,0.000000001),6) | AI9: =MEDIAN(-6,AI5+(AI7-'02_KhoiTao'!$E$35)/MAX(AI7-AI8,0.000000001),6) | AJ9: =MEDIAN(-6,AJ5+(AJ7-'02_KhoiTao'!$E$36)/MAX(AJ7-AJ8,0.000000001),6) | AK9: =MEDIAN(-6,AK5+(AK7-'02_KhoiTao'!$E$37)/MAX(AK7-AK8,0.000000001),6) | AL9: =MEDIAN(-6,AL5+(AL7-'02_KhoiTao'!$E$38)/MAX(AL7-AL8,0.000000001),6) | AM9: =MEDIAN(-6,AM5+(AM7-'02_KhoiTao'!$E$39)/MAX(AM7-AM8,0.000000001),6) | AN9: =MEDIAN(-6,AN5+(AN7-'02_KhoiTao'!$E$40)/MAX(AN7-AN8,0.000000001),6) | AO9: =MEDIAN(-6,AO5+(AO7-'02_KhoiTao'!$E$41)/MAX(AO7-AO8,0.000000001),6) | AP9: =MEDIAN(-6,AP5+(AP7-'02_KhoiTao'!$E$42)/MAX(AP7-AP8,0.000000001),6) | AQ9: =MEDIAN(-6,AQ5+(AQ7-'02_KhoiTao'!$E$43)/MAX(AQ7-AQ8,0.000000001),6) | AR9: =MEDIAN(-6,AR5+(AR7-'02_KhoiTao'!$E$44)/MAX(AR7-AR8,0.000000001),6) | AS9: =MEDIAN(-6,AS5+(AS7-'02_KhoiTao'!$E$45)/MAX(AS7-AS8,0.000000001),6) | AT9: =MEDIAN(-6,AT5+(AT7-'02_KhoiTao'!$E$46)/MAX(AT7-AT8,0.000000001),6) | AU9: =MEDIAN(-6,AU5+(AU7-'02_KhoiTao'!$E$47)/MAX(AU7-AU8,0.000000001),6) | AV9: =MEDIAN(-6,AV5+(AV7-'02_KhoiTao'!$E$48)/MAX(AV7-AV8,0.000000001),6) | AW9: =MEDIAN(-6,AW5+(AW7-'02_KhoiTao'!$E$49)/MAX(AW7-AW8,0.000000001),6)
A10: b1 (canh tâm) | B10: =B9-AVERAGE(B9:AW9) | C10: =C9-AVERAGE(B9:AW9) | D10: =D9-AVERAGE(B9:AW9) | E10: =E9-AVERAGE(B9:AW9) | F10: =F9-AVERAGE(B9:AW9) | G10: =G9-AVERAGE(B9:AW9) | H10: =H9-AVERAGE(B9:AW9) | I10: =I9-AVERAGE(B9:AW9) | J10: =J9-AVERAGE(B9:AW9) | K10: =K9-AVERAGE(B9:AW9) | L10: =L9-AVERAGE(B9:AW9) | M10: =M9-AVERAGE(B9:AW9) | N10: =N9-AVERAGE(B9:AW9) | O10: =O9-AVERAGE(B9:AW9) | P10: =P9-AVERAGE(B9:AW9) | Q10: =Q9-AVERAGE(B9:AW9) | R10: =R9-AVERAGE(B9:AW9) | S10: =S9-AVERAGE(B9:AW9) | T10: =T9-AVERAGE(B9:AW9) | U10: =U9-AVERAGE(B9:AW9) | V10: =V9-AVERAGE(B9:AW9) | W10: =W9-AVERAGE(B9:AW9) | X10: =X9-AVERAGE(B9:AW9) | Y10: =Y9-AVERAGE(B9:AW9) | Z10: =Z9-AVERAGE(B9:AW9) | AA10: =AA9-AVERAGE(B9:AW9) | AB10: =AB9-AVERAGE(B9:AW9) | AC10: =AC9-AVERAGE(B9:AW9) | AD10: =AD9-AVERAGE(B9:AW9) | AE10: =AE9-AVERAGE(B9:AW9) | AF10: =AF9-AVERAGE(B9:AW9) | AG10: =AG9-AVERAGE(B9:AW9) | AH10: =AH9-AVERAGE(B9:AW9) | AI10: =AI9-AVERAGE(B9:AW9) | AJ10: =AJ9-AVERAGE(B9:AW9) | AK10: =AK9-AVERAGE(B9:AW9) | AL10: =AL9-AVERAGE(B9:AW9) | AM10: =AM9-AVERAGE(B9:AW9) | AN10: =AN9-AVERAGE(B9:AW9) | AO10: =AO9-AVERAGE(B9:AW9) | AP10: =AP9-AVERAGE(B9:AW9) | AQ10: =AQ9-AVERAGE(B9:AW9) | AR10: =AR9-AVERAGE(B9:AW9) | AS10: =AS9-AVERAGE(B9:AW9) | AT10: =AT9-AVERAGE(B9:AW9) | AU10: =AU9-AVERAGE(B9:AW9) | AV10: =AV9-AVERAGE(B9:AW9) | AW10: =AW9-AVERAGE(B9:AW9) | AX10: max|Δb| | AY10: {=MAX(ABS(B10:AW10-B5:AW5))}
A12: ΣP vòng 2 | B12: =SUMPRODUCT(('01_Data'!B2:B1038<>"")*(1/(1+EXP(-('03_Lap_Theta'!$K$2:$K$1038-B10))))) | C12: =SUMPRODUCT(('01_Data'!C2:C1038<>"")*(1/(1+EXP(-('03_Lap_Theta'!$K$2:$K$1038-C10))))) | D12: =SUMPRODUCT(('01_Data'!D2:D1038<>"")*(1/(1+EXP(-('03_Lap_Theta'!$K$2:$K$1038-D10))))) | E12: =SUMPRODUCT(('01_Data'!E2:E1038<>"")*(1/(1+EXP(-('03_Lap_Theta'!$K$2:$K$1038-E10))))) | F12: =SUMPRODUCT(('01_Data'!F2:F1038<>"")*(1/(1+EXP(-('03_Lap_Theta'!$K$2:$K$1038-F10))))) | G12: =SUMPRODUCT(('01_Data'!G2:G1038<>"")*(1/(1+EXP(-('03_Lap_Theta'!$K$2:$K$1038-G10))))) | H12: =SUMPRODUCT(('01_Data'!H2:H1038<>"")*(1/(1+EXP(-('03_Lap_Theta'!$K$2:$K$1038-H10))))) | I12: =SUMPRODUCT(('01_Data'!I2:I1038<>"")*(1/(1+EXP(-('03_Lap_Theta'!$K$2:$K$1038-I10))))) | ... AW12: =SUMPRODUCT(('01_Data'!AW2:AW1038<>"")*(1/(1+EXP(-('03_Lap_Theta'!$K$2:$K$1038-AW10)))))
A13: ΣP² vòng 2 | B13: =SUMPRODUCT(('01_Data'!B2:B1038<>"")*(1/(1+EXP(-('03_Lap_Theta'!$K$2:$K$1038-B10))))^2) | C13: =SUMPRODUCT(('01_Data'!C2:C1038<>"")*(1/(1+EXP(-('03_Lap_Theta'!$K$2:$K$1038-C10))))^2) | D13: =SUMPRODUCT(('01_Data'!D2:D1038<>"")*(1/(1+EXP(-('03_Lap_Theta'!$K$2:$K$1038-D10))))^2) | E13: =SUMPRODUCT(('01_Data'!E2:E1038<>"")*(1/(1+EXP(-('03_Lap_Theta'!$K$2:$K$1038-E10))))^2) | F13: =SUMPRODUCT(('01_Data'!F2:F1038<>"")*(1/(1+EXP(-('03_Lap_Theta'!$K$2:$K$1038-F10))))^2) | G13: =SUMPRODUCT(('01_Data'!G2:G1038<>"")*(1/(1+EXP(-('03_Lap_Theta'!$K$2:$K$1038-G10))))^2) | H13: =SUMPRODUCT(('01_Data'!H2:H1038<>"")*(1/(1+EXP(-('03_Lap_Theta'!$K$2:$K$1038-H10))))^2) | I13: =SUMPRODUCT(('01_Data'!I2:I1038<>"")*(1/(1+EXP(-('03_Lap_Theta'!$K$2:$K$1038-I10))))^2) | ... AW13: =SUMPRODUCT(('01_Data'!AW2:AW1038<>"")*(1/(1+EXP(-('03_Lap_Theta'!$K$2:$K$1038-AW10))))^2)
A14: b2_raw | B14: =MEDIAN(-6,B10+(B12-'02_KhoiTao'!$E$2)/MAX(B12-B13,0.000000001),6) | C14: =MEDIAN(-6,C10+(C12-'02_KhoiTao'!$E$3)/MAX(C12-C13,0.000000001),6) | D14: =MEDIAN(-6,D10+(D12-'02_KhoiTao'!$E$4)/MAX(D12-D13,0.000000001),6) | E14: =MEDIAN(-6,E10+(E12-'02_KhoiTao'!$E$5)/MAX(E12-E13,0.000000001),6) | F14: =MEDIAN(-6,F10+(F12-'02_KhoiTao'!$E$6)/MAX(F12-F13,0.000000001),6) | G14: =MEDIAN(-6,G10+(G12-'02_KhoiTao'!$E$7)/MAX(G12-G13,0.000000001),6) | H14: =MEDIAN(-6,H10+(H12-'02_KhoiTao'!$E$8)/MAX(H12-H13,0.000000001),6) | I14: =MEDIAN(-6,I10+(I12-'02_KhoiTao'!$E$9)/MAX(I12-I13,0.000000001),6) | J14: =MEDIAN(-6,J10+(J12-'02_KhoiTao'!$E$10)/MAX(J12-J13,0.000000001),6) | K14: =MEDIAN(-6,K10+(K12-'02_KhoiTao'!$E$11)/MAX(K12-K13,0.000000001),6) | L14: =MEDIAN(-6,L10+(L12-'02_KhoiTao'!$E$12)/MAX(L12-L13,0.000000001),6) | M14: =MEDIAN(-6,M10+(M12-'02_KhoiTao'!$E$13)/MAX(M12-M13,0.000000001),6) | N14: =MEDIAN(-6,N10+(N12-'02_KhoiTao'!$E$14)/MAX(N12-N13,0.000000001),6) | O14: =MEDIAN(-6,O10+(O12-'02_KhoiTao'!$E$15)/MAX(O12-O13,0.000000001),6) | P14: =MEDIAN(-6,P10+(P12-'02_KhoiTao'!$E$16)/MAX(P12-P13,0.000000001),6) | Q14: =MEDIAN(-6,Q10+(Q12-'02_KhoiTao'!$E$17)/MAX(Q12-Q13,0.000000001),6) | R14: =MEDIAN(-6,R10+(R12-'02_KhoiTao'!$E$18)/MAX(R12-R13,0.000000001),6) | S14: =MEDIAN(-6,S10+(S12-'02_KhoiTao'!$E$19)/MAX(S12-S13,0.000000001),6) | T14: =MEDIAN(-6,T10+(T12-'02_KhoiTao'!$E$20)/MAX(T12-T13,0.000000001),6) | U14: =MEDIAN(-6,U10+(U12-'02_KhoiTao'!$E$21)/MAX(U12-U13,0.000000001),6) | V14: =MEDIAN(-6,V10+(V12-'02_KhoiTao'!$E$22)/MAX(V12-V13,0.000000001),6) | W14: =MEDIAN(-6,W10+(W12-'02_KhoiTao'!$E$23)/MAX(W12-W13,0.000000001),6) | X14: =MEDIAN(-6,X10+(X12-'02_KhoiTao'!$E$24)/MAX(X12-X13,0.000000001),6) | Y14: =MEDIAN(-6,Y10+(Y12-'02_KhoiTao'!$E$25)/MAX(Y12-Y13,0.000000001),6) | Z14: =MEDIAN(-6,Z10+(Z12-'02_KhoiTao'!$E$26)/MAX(Z12-Z13,0.000000001),6) | AA14: =MEDIAN(-6,AA10+(AA12-'02_KhoiTao'!$E$27)/MAX(AA12-AA13,0.000000001),6) | AB14: =MEDIAN(-6,AB10+(AB12-'02_KhoiTao'!$E$28)/MAX(AB12-AB13,0.000000001),6) | AC14: =MEDIAN(-6,AC10+(AC12-'02_KhoiTao'!$E$29)/MAX(AC12-AC13,0.000000001),6) | AD14: =MEDIAN(-6,AD10+(AD12-'02_KhoiTao'!$E$30)/MAX(AD12-AD13,0.000000001),6) | AE14: =MEDIAN(-6,AE10+(AE12-'02_KhoiTao'!$E$31)/MAX(AE12-AE13,0.000000001),6) | AF14: =MEDIAN(-6,AF10+(AF12-'02_KhoiTao'!$E$32)/MAX(AF12-AF13,0.000000001),6) | AG14: =MEDIAN(-6,AG10+(AG12-'02_KhoiTao'!$E$33)/MAX(AG12-AG13,0.000000001),6) | AH14: =MEDIAN(-6,AH10+(AH12-'02_KhoiTao'!$E$34)/MAX(AH12-AH13,0.000000001),6) | AI14: =MEDIAN(-6,AI10+(AI12-'02_KhoiTao'!$E$35)/MAX(AI12-AI13,0.000000001),6) | AJ14: =MEDIAN(-6,AJ10+(AJ12-'02_KhoiTao'!$E$36)/MAX(AJ12-AJ13,0.000000001),6) | AK14: =MEDIAN(-6,AK10+(AK12-'02_KhoiTao'!$E$37)/MAX(AK12-AK13,0.000000001),6) | AL14: =MEDIAN(-6,AL10+(AL12-'02_KhoiTao'!$E$38)/MAX(AL12-AL13,0.000000001),6) | AM14: =MEDIAN(-6,AM10+(AM12-'02_KhoiTao'!$E$39)/MAX(AM12-AM13,0.000000001),6) | AN14: =MEDIAN(-6,AN10+(AN12-'02_KhoiTao'!$E$40)/MAX(AN12-AN13,0.000000001),6) | AO14: =MEDIAN(-6,AO10+(AO12-'02_KhoiTao'!$E$41)/MAX(AO12-AO13,0.000000001),6) | AP14: =MEDIAN(-6,AP10+(AP12-'02_KhoiTao'!$E$42)/MAX(AP12-AP13,0.000000001),6) | AQ14: =MEDIAN(-6,AQ10+(AQ12-'02_KhoiTao'!$E$43)/MAX(AQ12-AQ13,0.000000001),6) | AR14: =MEDIAN(-6,AR10+(AR12-'02_KhoiTao'!$E$44)/MAX(AR12-AR13,0.000000001),6) | AS14: =MEDIAN(-6,AS10+(AS12-'02_KhoiTao'!$E$45)/MAX(AS12-AS13,0.000000001),6) | AT14: =MEDIAN(-6,AT10+(AT12-'02_KhoiTao'!$E$46)/MAX(AT12-AT13,0.000000001),6) | AU14: =MEDIAN(-6,AU10+(AU12-'02_KhoiTao'!$E$47)/MAX(AU12-AU13,0.000000001),6) | AV14: =MEDIAN(-6,AV10+(AV12-'02_KhoiTao'!$E$48)/MAX(AV12-AV13,0.000000001),6) | AW14: =MEDIAN(-6,AW10+(AW12-'02_KhoiTao'!$E$49)/MAX(AW12-AW13,0.000000001),6)
A15: b2 (canh tâm) | B15: =B14-AVERAGE(B14:AW14) | C15: =C14-AVERAGE(B14:AW14) | D15: =D14-AVERAGE(B14:AW14) | E15: =E14-AVERAGE(B14:AW14) | F15: =F14-AVERAGE(B14:AW14) | G15: =G14-AVERAGE(B14:AW14) | H15: =H14-AVERAGE(B14:AW14) | I15: =I14-AVERAGE(B14:AW14) | J15: =J14-AVERAGE(B14:AW14) | K15: =K14-AVERAGE(B14:AW14) | L15: =L14-AVERAGE(B14:AW14) | M15: =M14-AVERAGE(B14:AW14) | N15: =N14-AVERAGE(B14:AW14) | O15: =O14-AVERAGE(B14:AW14) | P15: =P14-AVERAGE(B14:AW14) | Q15: =Q14-AVERAGE(B14:AW14) | R15: =R14-AVERAGE(B14:AW14) | S15: =S14-AVERAGE(B14:AW14) | T15: =T14-AVERAGE(B14:AW14) | U15: =U14-AVERAGE(B14:AW14) | V15: =V14-AVERAGE(B14:AW14) | W15: =W14-AVERAGE(B14:AW14) | X15: =X14-AVERAGE(B14:AW14) | Y15: =Y14-AVERAGE(B14:AW14) | Z15: =Z14-AVERAGE(B14:AW14) | AA15: =AA14-AVERAGE(B14:AW14) | AB15: =AB14-AVERAGE(B14:AW14) | AC15: =AC14-AVERAGE(B14:AW14) | AD15: =AD14-AVERAGE(B14:AW14) | AE15: =AE14-AVERAGE(B14:AW14) | AF15: =AF14-AVERAGE(B14:AW14) | AG15: =AG14-AVERAGE(B14:AW14) | AH15: =AH14-AVERAGE(B14:AW14) | AI15: =AI14-AVERAGE(B14:AW14) | AJ15: =AJ14-AVERAGE(B14:AW14) | AK15: =AK14-AVERAGE(B14:AW14) | AL15: =AL14-AVERAGE(B14:AW14) | AM15: =AM14-AVERAGE(B14:AW14) | AN15: =AN14-AVERAGE(B14:AW14) | AO15: =AO14-AVERAGE(B14:AW14) | AP15: =AP14-AVERAGE(B14:AW14) | AQ15: =AQ14-AVERAGE(B14:AW14) | AR15: =AR14-AVERAGE(B14:AW14) | AS15: =AS14-AVERAGE(B14:AW14) | AT15: =AT14-AVERAGE(B14:AW14) | AU15: =AU14-AVERAGE(B14:AW14) | AV15: =AV14-AVERAGE(B14:AW14) | AW15: =AW14-AVERAGE(B14:AW14) | AX15: max|Δb| | AY15: {=MAX(ABS(B15:AW15-B10:AW10))}
A17: ΣP vòng 3 | B17: =SUMPRODUCT(('01_Data'!B2:B1038<>"")*(1/(1+EXP(-('03_Lap_Theta'!$N$2:$N$1038-B15))))) | C17: =SUMPRODUCT(('01_Data'!C2:C1038<>"")*(1/(1+EXP(-('03_Lap_Theta'!$N$2:$N$1038-C15))))) | D17: =SUMPRODUCT(('01_Data'!D2:D1038<>"")*(1/(1+EXP(-('03_Lap_Theta'!$N$2:$N$1038-D15))))) | E17: =SUMPRODUCT(('01_Data'!E2:E1038<>"")*(1/(1+EXP(-('03_Lap_Theta'!$N$2:$N$1038-E15))))) | F17: =SUMPRODUCT(('01_Data'!F2:F1038<>"")*(1/(1+EXP(-('03_Lap_Theta'!$N$2:$N$1038-F15))))) | G17: =SUMPRODUCT(('01_Data'!G2:G1038<>"")*(1/(1+EXP(-('03_Lap_Theta'!$N$2:$N$1038-G15))))) | H17: =SUMPRODUCT(('01_Data'!H2:H1038<>"")*(1/(1+EXP(-('03_Lap_Theta'!$N$2:$N$1038-H15))))) | I17: =SUMPRODUCT(('01_Data'!I2:I1038<>"")*(1/(1+EXP(-('03_Lap_Theta'!$N$2:$N$1038-I15))))) | ... AW17: =SUMPRODUCT(('01_Data'!AW2:AW1038<>"")*(1/(1+EXP(-('03_Lap_Theta'!$N$2:$N$1038-AW15)))))
A18: ΣP² vòng 3 | B18: =SUMPRODUCT(('01_Data'!B2:B1038<>"")*(1/(1+EXP(-('03_Lap_Theta'!$N$2:$N$1038-B15))))^2) | C18: =SUMPRODUCT(('01_Data'!C2:C1038<>"")*(1/(1+EXP(-('03_Lap_Theta'!$N$2:$N$1038-C15))))^2) | D18: =SUMPRODUCT(('01_Data'!D2:D1038<>"")*(1/(1+EXP(-('03_Lap_Theta'!$N$2:$N$1038-D15))))^2) | E18: =SUMPRODUCT(('01_Data'!E2:E1038<>"")*(1/(1+EXP(-('03_Lap_Theta'!$N$2:$N$1038-E15))))^2) | F18: =SUMPRODUCT(('01_Data'!F2:F1038<>"")*(1/(1+EXP(-('03_Lap_Theta'!$N$2:$N$1038-F15))))^2) | G18: =SUMPRODUCT(('01_Data'!G2:G1038<>"")*(1/(1+EXP(-('03_Lap_Theta'!$N$2:$N$1038-G15))))^2) | H18: =SUMPRODUCT(('01_Data'!H2:H1038<>"")*(1/(1+EXP(-('03_Lap_Theta'!$N$2:$N$1038-H15))))^2) | I18: =SUMPRODUCT(('01_Data'!I2:I1038<>"")*(1/(1+EXP(-('03_Lap_Theta'!$N$2:$N$1038-I15))))^2) | ... AW18: =SUMPRODUCT(('01_Data'!AW2:AW1038<>"")*(1/(1+EXP(-('03_Lap_Theta'!$N$2:$N$1038-AW15))))^2)
A19: b3_raw | B19: =MEDIAN(-6,B15+(B17-'02_KhoiTao'!$E$2)/MAX(B17-B18,0.000000001),6) | C19: =MEDIAN(-6,C15+(C17-'02_KhoiTao'!$E$3)/MAX(C17-C18,0.000000001),6) | D19: =MEDIAN(-6,D15+(D17-'02_KhoiTao'!$E$4)/MAX(D17-D18,0.000000001),6) | E19: =MEDIAN(-6,E15+(E17-'02_KhoiTao'!$E$5)/MAX(E17-E18,0.000000001),6) | F19: =MEDIAN(-6,F15+(F17-'02_KhoiTao'!$E$6)/MAX(F17-F18,0.000000001),6) | G19: =MEDIAN(-6,G15+(G17-'02_KhoiTao'!$E$7)/MAX(G17-G18,0.000000001),6) | H19: =MEDIAN(-6,H15+(H17-'02_KhoiTao'!$E$8)/MAX(H17-H18,0.000000001),6) | I19: =MEDIAN(-6,I15+(I17-'02_KhoiTao'!$E$9)/MAX(I17-I18,0.000000001),6) | J19: =MEDIAN(-6,J15+(J17-'02_KhoiTao'!$E$10)/MAX(J17-J18,0.000000001),6) | K19: =MEDIAN(-6,K15+(K17-'02_KhoiTao'!$E$11)/MAX(K17-K18,0.000000001),6) | L19: =MEDIAN(-6,L15+(L17-'02_KhoiTao'!$E$12)/MAX(L17-L18,0.000000001),6) | M19: =MEDIAN(-6,M15+(M17-'02_KhoiTao'!$E$13)/MAX(M17-M18,0.000000001),6) | N19: =MEDIAN(-6,N15+(N17-'02_KhoiTao'!$E$14)/MAX(N17-N18,0.000000001),6) | O19: =MEDIAN(-6,O15+(O17-'02_KhoiTao'!$E$15)/MAX(O17-O18,0.000000001),6) | P19: =MEDIAN(-6,P15+(P17-'02_KhoiTao'!$E$16)/MAX(P17-P18,0.000000001),6) | Q19: =MEDIAN(-6,Q15+(Q17-'02_KhoiTao'!$E$17)/MAX(Q17-Q18,0.000000001),6) | R19: =MEDIAN(-6,R15+(R17-'02_KhoiTao'!$E$18)/MAX(R17-R18,0.000000001),6) | S19: =MEDIAN(-6,S15+(S17-'02_KhoiTao'!$E$19)/MAX(S17-S18,0.000000001),6) | T19: =MEDIAN(-6,T15+(T17-'02_KhoiTao'!$E$20)/MAX(T17-T18,0.000000001),6) | U19: =MEDIAN(-6,U15+(U17-'02_KhoiTao'!$E$21)/MAX(U17-U18,0.000000001),6) | V19: =MEDIAN(-6,V15+(V17-'02_KhoiTao'!$E$22)/MAX(V17-V18,0.000000001),6) | W19: =MEDIAN(-6,W15+(W17-'02_KhoiTao'!$E$23)/MAX(W17-W18,0.000000001),6) | X19: =MEDIAN(-6,X15+(X17-'02_KhoiTao'!$E$24)/MAX(X17-X18,0.000000001),6) | Y19: =MEDIAN(-6,Y15+(Y17-'02_KhoiTao'!$E$25)/MAX(Y17-Y18,0.000000001),6) | Z19: =MEDIAN(-6,Z15+(Z17-'02_KhoiTao'!$E$26)/MAX(Z17-Z18,0.000000001),6) | AA19: =MEDIAN(-6,AA15+(AA17-'02_KhoiTao'!$E$27)/MAX(AA17-AA18,0.000000001),6) | AB19: =MEDIAN(-6,AB15+(AB17-'02_KhoiTao'!$E$28)/MAX(AB17-AB18,0.000000001),6) | AC19: =MEDIAN(-6,AC15+(AC17-'02_KhoiTao'!$E$29)/MAX(AC17-AC18,0.000000001),6) | AD19: =MEDIAN(-6,AD15+(AD17-'02_KhoiTao'!$E$30)/MAX(AD17-AD18,0.000000001),6) | AE19: =MEDIAN(-6,AE15+(AE17-'02_KhoiTao'!$E$31)/MAX(AE17-AE18,0.000000001),6) | AF19: =MEDIAN(-6,AF15+(AF17-'02_KhoiTao'!$E$32)/MAX(AF17-AF18,0.000000001),6) | AG19: =MEDIAN(-6,AG15+(AG17-'02_KhoiTao'!$E$33)/MAX(AG17-AG18,0.000000001),6) | AH19: =MEDIAN(-6,AH15+(AH17-'02_KhoiTao'!$E$34)/MAX(AH17-AH18,0.000000001),6) | AI19: =MEDIAN(-6,AI15+(AI17-'02_KhoiTao'!$E$35)/MAX(AI17-AI18,0.000000001),6) | AJ19: =MEDIAN(-6,AJ15+(AJ17-'02_KhoiTao'!$E$36)/MAX(AJ17-AJ18,0.000000001),6) | AK19: =MEDIAN(-6,AK15+(AK17-'02_KhoiTao'!$E$37)/MAX(AK17-AK18,0.000000001),6) | AL19: =MEDIAN(-6,AL15+(AL17-'02_KhoiTao'!$E$38)/MAX(AL17-AL18,0.000000001),6) | AM19: =MEDIAN(-6,AM15+(AM17-'02_KhoiTao'!$E$39)/MAX(AM17-AM18,0.000000001),6) | AN19: =MEDIAN(-6,AN15+(AN17-'02_KhoiTao'!$E$40)/MAX(AN17-AN18,0.000000001),6) | AO19: =MEDIAN(-6,AO15+(AO17-'02_KhoiTao'!$E$41)/MAX(AO17-AO18,0.000000001),6) | AP19: =MEDIAN(-6,AP15+(AP17-'02_KhoiTao'!$E$42)/MAX(AP17-AP18,0.000000001),6) | AQ19: =MEDIAN(-6,AQ15+(AQ17-'02_KhoiTao'!$E$43)/MAX(AQ17-AQ18,0.000000001),6) | AR19: =MEDIAN(-6,AR15+(AR17-'02_KhoiTao'!$E$44)/MAX(AR17-AR18,0.000000001),6) | AS19: =MEDIAN(-6,AS15+(AS17-'02_KhoiTao'!$E$45)/MAX(AS17-AS18,0.000000001),6) | AT19: =MEDIAN(-6,AT15+(AT17-'02_KhoiTao'!$E$46)/MAX(AT17-AT18,0.000000001),6) | AU19: =MEDIAN(-6,AU15+(AU17-'02_KhoiTao'!$E$47)/MAX(AU17-AU18,0.000000001),6) | AV19: =MEDIAN(-6,AV15+(AV17-'02_KhoiTao'!$E$48)/MAX(AV17-AV18,0.000000001),6) | AW19: =MEDIAN(-6,AW15+(AW17-'02_KhoiTao'!$E$49)/MAX(AW17-AW18,0.000000001),6)
A20: b3 (canh tâm) | B20: =B19-AVERAGE(B19:AW19) | C20: =C19-AVERAGE(B19:AW19) | D20: =D19-AVERAGE(B19:AW19) | E20: =E19-AVERAGE(B19:AW19) | F20: =F19-AVERAGE(B19:AW19) | G20: =G19-AVERAGE(B19:AW19) | H20: =H19-AVERAGE(B19:AW19) | I20: =I19-AVERAGE(B19:AW19) | J20: =J19-AVERAGE(B19:AW19) | K20: =K19-AVERAGE(B19:AW19) | L20: =L19-AVERAGE(B19:AW19) | M20: =M19-AVERAGE(B19:AW19) | N20: =N19-AVERAGE(B19:AW19) | O20: =O19-AVERAGE(B19:AW19) | P20: =P19-AVERAGE(B19:AW19) | Q20: =Q19-AVERAGE(B19:AW19) | R20: =R19-AVERAGE(B19:AW19) | S20: =S19-AVERAGE(B19:AW19) | T20: =T19-AVERAGE(B19:AW19) | U20: =U19-AVERAGE(B19:AW19) | V20: =V19-AVERAGE(B19:AW19) | W20: =W19-AVERAGE(B19:AW19) | X20: =X19-AVERAGE(B19:AW19) | Y20: =Y19-AVERAGE(B19:AW19) | Z20: =Z19-AVERAGE(B19:AW19) | AA20: =AA19-AVERAGE(B19:AW19) | AB20: =AB19-AVERAGE(B19:AW19) | AC20: =AC19-AVERAGE(B19:AW19) | AD20: =AD19-AVERAGE(B19:AW19) | AE20: =AE19-AVERAGE(B19:AW19) | AF20: =AF19-AVERAGE(B19:AW19) | AG20: =AG19-AVERAGE(B19:AW19) | AH20: =AH19-AVERAGE(B19:AW19) | AI20: =AI19-AVERAGE(B19:AW19) | AJ20: =AJ19-AVERAGE(B19:AW19) | AK20: =AK19-AVERAGE(B19:AW19) | AL20: =AL19-AVERAGE(B19:AW19) | AM20: =AM19-AVERAGE(B19:AW19) | AN20: =AN19-AVERAGE(B19:AW19) | AO20: =AO19-AVERAGE(B19:AW19) | AP20: =AP19-AVERAGE(B19:AW19) | AQ20: =AQ19-AVERAGE(B19:AW19) | AR20: =AR19-AVERAGE(B19:AW19) | AS20: =AS19-AVERAGE(B19:AW19) | AT20: =AT19-AVERAGE(B19:AW19) | AU20: =AU19-AVERAGE(B19:AW19) | AV20: =AV19-AVERAGE(B19:AW19) | AW20: =AW19-AVERAGE(B19:AW19) | AX20: max|Δb| | AY20: {=MAX(ABS(B20:AW20-B15:AW15))}
A22: ΣP vòng 4 | B22: =SUMPRODUCT(('01_Data'!B2:B1038<>"")*(1/(1+EXP(-('03_Lap_Theta'!$Q$2:$Q$1038-B20))))) | C22: =SUMPRODUCT(('01_Data'!C2:C1038<>"")*(1/(1+EXP(-('03_Lap_Theta'!$Q$2:$Q$1038-C20))))) | D22: =SUMPRODUCT(('01_Data'!D2:D1038<>"")*(1/(1+EXP(-('03_Lap_Theta'!$Q$2:$Q$1038-D20))))) | E22: =SUMPRODUCT(('01_Data'!E2:E1038<>"")*(1/(1+EXP(-('03_Lap_Theta'!$Q$2:$Q$1038-E20))))) | F22: =SUMPRODUCT(('01_Data'!F2:F1038<>"")*(1/(1+EXP(-('03_Lap_Theta'!$Q$2:$Q$1038-F20))))) | G22: =SUMPRODUCT(('01_Data'!G2:G1038<>"")*(1/(1+EXP(-('03_Lap_Theta'!$Q$2:$Q$1038-G20))))) | H22: =SUMPRODUCT(('01_Data'!H2:H1038<>"")*(1/(1+EXP(-('03_Lap_Theta'!$Q$2:$Q$1038-H20))))) | I22: =SUMPRODUCT(('01_Data'!I2:I1038<>"")*(1/(1+EXP(-('03_Lap_Theta'!$Q$2:$Q$1038-I20))))) | ... AW22: =SUMPRODUCT(('01_Data'!AW2:AW1038<>"")*(1/(1+EXP(-('03_Lap_Theta'!$Q$2:$Q$1038-AW20)))))
A23: ΣP² vòng 4 | B23: =SUMPRODUCT(('01_Data'!B2:B1038<>"")*(1/(1+EXP(-('03_Lap_Theta'!$Q$2:$Q$1038-B20))))^2) | C23: =SUMPRODUCT(('01_Data'!C2:C1038<>"")*(1/(1+EXP(-('03_Lap_Theta'!$Q$2:$Q$1038-C20))))^2) | D23: =SUMPRODUCT(('01_Data'!D2:D1038<>"")*(1/(1+EXP(-('03_Lap_Theta'!$Q$2:$Q$1038-D20))))^2) | E23: =SUMPRODUCT(('01_Data'!E2:E1038<>"")*(1/(1+EXP(-('03_Lap_Theta'!$Q$2:$Q$1038-E20))))^2) | F23: =SUMPRODUCT(('01_Data'!F2:F1038<>"")*(1/(1+EXP(-('03_Lap_Theta'!$Q$2:$Q$1038-F20))))^2) | G23: =SUMPRODUCT(('01_Data'!G2:G1038<>"")*(1/(1+EXP(-('03_Lap_Theta'!$Q$2:$Q$1038-G20))))^2) | H23: =SUMPRODUCT(('01_Data'!H2:H1038<>"")*(1/(1+EXP(-('03_Lap_Theta'!$Q$2:$Q$1038-H20))))^2) | I23: =SUMPRODUCT(('01_Data'!I2:I1038<>"")*(1/(1+EXP(-('03_Lap_Theta'!$Q$2:$Q$1038-I20))))^2) | ... AW23: =SUMPRODUCT(('01_Data'!AW2:AW1038<>"")*(1/(1+EXP(-('03_Lap_Theta'!$Q$2:$Q$1038-AW20))))^2)
A24: b4_raw | B24: =MEDIAN(-6,B20+(B22-'02_KhoiTao'!$E$2)/MAX(B22-B23,0.000000001),6) | C24: =MEDIAN(-6,C20+(C22-'02_KhoiTao'!$E$3)/MAX(C22-C23,0.000000001),6) | D24: =MEDIAN(-6,D20+(D22-'02_KhoiTao'!$E$4)/MAX(D22-D23,0.000000001),6) | E24: =MEDIAN(-6,E20+(E22-'02_KhoiTao'!$E$5)/MAX(E22-E23,0.000000001),6) | F24: =MEDIAN(-6,F20+(F22-'02_KhoiTao'!$E$6)/MAX(F22-F23,0.000000001),6) | G24: =MEDIAN(-6,G20+(G22-'02_KhoiTao'!$E$7)/MAX(G22-G23,0.000000001),6) | H24: =MEDIAN(-6,H20+(H22-'02_KhoiTao'!$E$8)/MAX(H22-H23,0.000000001),6) | I24: =MEDIAN(-6,I20+(I22-'02_KhoiTao'!$E$9)/MAX(I22-I23,0.000000001),6) | J24: =MEDIAN(-6,J20+(J22-'02_KhoiTao'!$E$10)/MAX(J22-J23,0.000000001),6) | K24: =MEDIAN(-6,K20+(K22-'02_KhoiTao'!$E$11)/MAX(K22-K23,0.000000001),6) | L24: =MEDIAN(-6,L20+(L22-'02_KhoiTao'!$E$12)/MAX(L22-L23,0.000000001),6) | M24: =MEDIAN(-6,M20+(M22-'02_KhoiTao'!$E$13)/MAX(M22-M23,0.000000001),6) | N24: =MEDIAN(-6,N20+(N22-'02_KhoiTao'!$E$14)/MAX(N22-N23,0.000000001),6) | O24: =MEDIAN(-6,O20+(O22-'02_KhoiTao'!$E$15)/MAX(O22-O23,0.000000001),6) | P24: =MEDIAN(-6,P20+(P22-'02_KhoiTao'!$E$16)/MAX(P22-P23,0.000000001),6) | Q24: =MEDIAN(-6,Q20+(Q22-'02_KhoiTao'!$E$17)/MAX(Q22-Q23,0.000000001),6) | R24: =MEDIAN(-6,R20+(R22-'02_KhoiTao'!$E$18)/MAX(R22-R23,0.000000001),6) | S24: =MEDIAN(-6,S20+(S22-'02_KhoiTao'!$E$19)/MAX(S22-S23,0.000000001),6) | T24: =MEDIAN(-6,T20+(T22-'02_KhoiTao'!$E$20)/MAX(T22-T23,0.000000001),6) | U24: =MEDIAN(-6,U20+(U22-'02_KhoiTao'!$E$21)/MAX(U22-U23,0.000000001),6) | V24: =MEDIAN(-6,V20+(V22-'02_KhoiTao'!$E$22)/MAX(V22-V23,0.000000001),6) | W24: =MEDIAN(-6,W20+(W22-'02_KhoiTao'!$E$23)/MAX(W22-W23,0.000000001),6) | X24: =MEDIAN(-6,X20+(X22-'02_KhoiTao'!$E$24)/MAX(X22-X23,0.000000001),6) | Y24: =MEDIAN(-6,Y20+(Y22-'02_KhoiTao'!$E$25)/MAX(Y22-Y23,0.000000001),6) | Z24: =MEDIAN(-6,Z20+(Z22-'02_KhoiTao'!$E$26)/MAX(Z22-Z23,0.000000001),6) | AA24: =MEDIAN(-6,AA20+(AA22-'02_KhoiTao'!$E$27)/MAX(AA22-AA23,0.000000001),6) | AB24: =MEDIAN(-6,AB20+(AB22-'02_KhoiTao'!$E$28)/MAX(AB22-AB23,0.000000001),6) | AC24: =MEDIAN(-6,AC20+(AC22-'02_KhoiTao'!$E$29)/MAX(AC22-AC23,0.000000001),6) | AD24: =MEDIAN(-6,AD20+(AD22-'02_KhoiTao'!$E$30)/MAX(AD22-AD23,0.000000001),6) | AE24: =MEDIAN(-6,AE20+(AE22-'02_KhoiTao'!$E$31)/MAX(AE22-AE23,0.000000001),6) | AF24: =MEDIAN(-6,AF20+(AF22-'02_KhoiTao'!$E$32)/MAX(AF22-AF23,0.000000001),6) | AG24: =MEDIAN(-6,AG20+(AG22-'02_KhoiTao'!$E$33)/MAX(AG22-AG23,0.000000001),6) | AH24: =MEDIAN(-6,AH20+(AH22-'02_KhoiTao'!$E$34)/MAX(AH22-AH23,0.000000001),6) | AI24: =MEDIAN(-6,AI20+(AI22-'02_KhoiTao'!$E$35)/MAX(AI22-AI23,0.000000001),6) | AJ24: =MEDIAN(-6,AJ20+(AJ22-'02_KhoiTao'!$E$36)/MAX(AJ22-AJ23,0.000000001),6) | AK24: =MEDIAN(-6,AK20+(AK22-'02_KhoiTao'!$E$37)/MAX(AK22-AK23,0.000000001),6) | AL24: =MEDIAN(-6,AL20+(AL22-'02_KhoiTao'!$E$38)/MAX(AL22-AL23,0.000000001),6) | AM24: =MEDIAN(-6,AM20+(AM22-'02_KhoiTao'!$E$39)/MAX(AM22-AM23,0.000000001),6) | AN24: =MEDIAN(-6,AN20+(AN22-'02_KhoiTao'!$E$40)/MAX(AN22-AN23,0.000000001),6) | AO24: =MEDIAN(-6,AO20+(AO22-'02_KhoiTao'!$E$41)/MAX(AO22-AO23,0.000000001),6) | AP24: =MEDIAN(-6,AP20+(AP22-'02_KhoiTao'!$E$42)/MAX(AP22-AP23,0.000000001),6) | AQ24: =MEDIAN(-6,AQ20+(AQ22-'02_KhoiTao'!$E$43)/MAX(AQ22-AQ23,0.000000001),6) | AR24: =MEDIAN(-6,AR20+(AR22-'02_KhoiTao'!$E$44)/MAX(AR22-AR23,0.000000001),6) | AS24: =MEDIAN(-6,AS20+(AS22-'02_KhoiTao'!$E$45)/MAX(AS22-AS23,0.000000001),6) | AT24: =MEDIAN(-6,AT20+(AT22-'02_KhoiTao'!$E$46)/MAX(AT22-AT23,0.000000001),6) | AU24: =MEDIAN(-6,AU20+(AU22-'02_KhoiTao'!$E$47)/MAX(AU22-AU23,0.000000001),6) | AV24: =MEDIAN(-6,AV20+(AV22-'02_KhoiTao'!$E$48)/MAX(AV22-AV23,0.000000001),6) | AW24: =MEDIAN(-6,AW20+(AW22-'02_KhoiTao'!$E$49)/MAX(AW22-AW23,0.000000001),6)
A25: b4 (canh tâm) | B25: =B24-AVERAGE(B24:AW24) | C25: =C24-AVERAGE(B24:AW24) | D25: =D24-AVERAGE(B24:AW24) | E25: =E24-AVERAGE(B24:AW24) | F25: =F24-AVERAGE(B24:AW24) | G25: =G24-AVERAGE(B24:AW24) | H25: =H24-AVERAGE(B24:AW24) | I25: =I24-AVERAGE(B24:AW24) | J25: =J24-AVERAGE(B24:AW24) | K25: =K24-AVERAGE(B24:AW24) | L25: =L24-AVERAGE(B24:AW24) | M25: =M24-AVERAGE(B24:AW24) | N25: =N24-AVERAGE(B24:AW24) | O25: =O24-AVERAGE(B24:AW24) | P25: =P24-AVERAGE(B24:AW24) | Q25: =Q24-AVERAGE(B24:AW24) | R25: =R24-AVERAGE(B24:AW24) | S25: =S24-AVERAGE(B24:AW24) | T25: =T24-AVERAGE(B24:AW24) | U25: =U24-AVERAGE(B24:AW24) | V25: =V24-AVERAGE(B24:AW24) | W25: =W24-AVERAGE(B24:AW24) | X25: =X24-AVERAGE(B24:AW24) | Y25: =Y24-AVERAGE(B24:AW24) | Z25: =Z24-AVERAGE(B24:AW24) | AA25: =AA24-AVERAGE(B24:AW24) | AB25: =AB24-AVERAGE(B24:AW24) | AC25: =AC24-AVERAGE(B24:AW24) | AD25: =AD24-AVERAGE(B24:AW24) | AE25: =AE24-AVERAGE(B24:AW24) | AF25: =AF24-AVERAGE(B24:AW24) | AG25: =AG24-AVERAGE(B24:AW24) | AH25: =AH24-AVERAGE(B24:AW24) | AI25: =AI24-AVERAGE(B24:AW24) | AJ25: =AJ24-AVERAGE(B24:AW24) | AK25: =AK24-AVERAGE(B24:AW24) | AL25: =AL24-AVERAGE(B24:AW24) | AM25: =AM24-AVERAGE(B24:AW24) | AN25: =AN24-AVERAGE(B24:AW24) | AO25: =AO24-AVERAGE(B24:AW24) | AP25: =AP24-AVERAGE(B24:AW24) | AQ25: =AQ24-AVERAGE(B24:AW24) | AR25: =AR24-AVERAGE(B24:AW24) | AS25: =AS24-AVERAGE(B24:AW24) | AT25: =AT24-AVERAGE(B24:AW24) | AU25: =AU24-AVERAGE(B24:AW24) | AV25: =AV24-AVERAGE(B24:AW24) | AW25: =AW24-AVERAGE(B24:AW24) | AX25: max|Δb| | AY25: {=MAX(ABS(B25:AW25-B20:AW20))}
A27: ΣP vòng 5 | B27: =SUMPRODUCT(('01_Data'!B2:B1038<>"")*(1/(1+EXP(-('03_Lap_Theta'!$T$2:$T$1038-B25))))) | C27: =SUMPRODUCT(('01_Data'!C2:C1038<>"")*(1/(1+EXP(-('03_Lap_Theta'!$T$2:$T$1038-C25))))) | D27: =SUMPRODUCT(('01_Data'!D2:D1038<>"")*(1/(1+EXP(-('03_Lap_Theta'!$T$2:$T$1038-D25))))) | E27: =SUMPRODUCT(('01_Data'!E2:E1038<>"")*(1/(1+EXP(-('03_Lap_Theta'!$T$2:$T$1038-E25))))) | F27: =SUMPRODUCT(('01_Data'!F2:F1038<>"")*(1/(1+EXP(-('03_Lap_Theta'!$T$2:$T$1038-F25))))) | G27: =SUMPRODUCT(('01_Data'!G2:G1038<>"")*(1/(1+EXP(-('03_Lap_Theta'!$T$2:$T$1038-G25))))) | H27: =SUMPRODUCT(('01_Data'!H2:H1038<>"")*(1/(1+EXP(-('03_Lap_Theta'!$T$2:$T$1038-H25))))) | I27: =SUMPRODUCT(('01_Data'!I2:I1038<>"")*(1/(1+EXP(-('03_Lap_Theta'!$T$2:$T$1038-I25))))) | ... AW27: =SUMPRODUCT(('01_Data'!AW2:AW1038<>"")*(1/(1+EXP(-('03_Lap_Theta'!$T$2:$T$1038-AW25)))))
A28: ΣP² vòng 5 | B28: =SUMPRODUCT(('01_Data'!B2:B1038<>"")*(1/(1+EXP(-('03_Lap_Theta'!$T$2:$T$1038-B25))))^2) | C28: =SUMPRODUCT(('01_Data'!C2:C1038<>"")*(1/(1+EXP(-('03_Lap_Theta'!$T$2:$T$1038-C25))))^2) | D28: =SUMPRODUCT(('01_Data'!D2:D1038<>"")*(1/(1+EXP(-('03_Lap_Theta'!$T$2:$T$1038-D25))))^2) | E28: =SUMPRODUCT(('01_Data'!E2:E1038<>"")*(1/(1+EXP(-('03_Lap_Theta'!$T$2:$T$1038-E25))))^2) | F28: =SUMPRODUCT(('01_Data'!F2:F1038<>"")*(1/(1+EXP(-('03_Lap_Theta'!$T$2:$T$1038-F25))))^2) | G28: =SUMPRODUCT(('01_Data'!G2:G1038<>"")*(1/(1+EXP(-('03_Lap_Theta'!$T$2:$T$1038-G25))))^2) | H28: =SUMPRODUCT(('01_Data'!H2:H1038<>"")*(1/(1+EXP(-('03_Lap_Theta'!$T$2:$T$1038-H25))))^2) | I28: =SUMPRODUCT(('01_Data'!I2:I1038<>"")*(1/(1+EXP(-('03_Lap_Theta'!$T$2:$T$1038-I25))))^2) | ... AW28: =SUMPRODUCT(('01_Data'!AW2:AW1038<>"")*(1/(1+EXP(-('03_Lap_Theta'!$T$2:$T$1038-AW25))))^2)
A29: b5_raw | B29: =MEDIAN(-6,B25+(B27-'02_KhoiTao'!$E$2)/MAX(B27-B28,0.000000001),6) | C29: =MEDIAN(-6,C25+(C27-'02_KhoiTao'!$E$3)/MAX(C27-C28,0.000000001),6) | D29: =MEDIAN(-6,D25+(D27-'02_KhoiTao'!$E$4)/MAX(D27-D28,0.000000001),6) | E29: =MEDIAN(-6,E25+(E27-'02_KhoiTao'!$E$5)/MAX(E27-E28,0.000000001),6) | F29: =MEDIAN(-6,F25+(F27-'02_KhoiTao'!$E$6)/MAX(F27-F28,0.000000001),6) | G29: =MEDIAN(-6,G25+(G27-'02_KhoiTao'!$E$7)/MAX(G27-G28,0.000000001),6) | H29: =MEDIAN(-6,H25+(H27-'02_KhoiTao'!$E$8)/MAX(H27-H28,0.000000001),6) | I29: =MEDIAN(-6,I25+(I27-'02_KhoiTao'!$E$9)/MAX(I27-I28,0.000000001),6) | J29: =MEDIAN(-6,J25+(J27-'02_KhoiTao'!$E$10)/MAX(J27-J28,0.000000001),6) | K29: =MEDIAN(-6,K25+(K27-'02_KhoiTao'!$E$11)/MAX(K27-K28,0.000000001),6) | L29: =MEDIAN(-6,L25+(L27-'02_KhoiTao'!$E$12)/MAX(L27-L28,0.000000001),6) | M29: =MEDIAN(-6,M25+(M27-'02_KhoiTao'!$E$13)/MAX(M27-M28,0.000000001),6) | N29: =MEDIAN(-6,N25+(N27-'02_KhoiTao'!$E$14)/MAX(N27-N28,0.000000001),6) | O29: =MEDIAN(-6,O25+(O27-'02_KhoiTao'!$E$15)/MAX(O27-O28,0.000000001),6) | P29: =MEDIAN(-6,P25+(P27-'02_KhoiTao'!$E$16)/MAX(P27-P28,0.000000001),6) | Q29: =MEDIAN(-6,Q25+(Q27-'02_KhoiTao'!$E$17)/MAX(Q27-Q28,0.000000001),6) | R29: =MEDIAN(-6,R25+(R27-'02_KhoiTao'!$E$18)/MAX(R27-R28,0.000000001),6) | S29: =MEDIAN(-6,S25+(S27-'02_KhoiTao'!$E$19)/MAX(S27-S28,0.000000001),6) | T29: =MEDIAN(-6,T25+(T27-'02_KhoiTao'!$E$20)/MAX(T27-T28,0.000000001),6) | U29: =MEDIAN(-6,U25+(U27-'02_KhoiTao'!$E$21)/MAX(U27-U28,0.000000001),6) | V29: =MEDIAN(-6,V25+(V27-'02_KhoiTao'!$E$22)/MAX(V27-V28,0.000000001),6) | W29: =MEDIAN(-6,W25+(W27-'02_KhoiTao'!$E$23)/MAX(W27-W28,0.000000001),6) | X29: =MEDIAN(-6,X25+(X27-'02_KhoiTao'!$E$24)/MAX(X27-X28,0.000000001),6) | Y29: =MEDIAN(-6,Y25+(Y27-'02_KhoiTao'!$E$25)/MAX(Y27-Y28,0.000000001),6) | Z29: =MEDIAN(-6,Z25+(Z27-'02_KhoiTao'!$E$26)/MAX(Z27-Z28,0.000000001),6) | AA29: =MEDIAN(-6,AA25+(AA27-'02_KhoiTao'!$E$27)/MAX(AA27-AA28,0.000000001),6) | AB29: =MEDIAN(-6,AB25+(AB27-'02_KhoiTao'!$E$28)/MAX(AB27-AB28,0.000000001),6) | AC29: =MEDIAN(-6,AC25+(AC27-'02_KhoiTao'!$E$29)/MAX(AC27-AC28,0.000000001),6) | AD29: =MEDIAN(-6,AD25+(AD27-'02_KhoiTao'!$E$30)/MAX(AD27-AD28,0.000000001),6) | AE29: =MEDIAN(-6,AE25+(AE27-'02_KhoiTao'!$E$31)/MAX(AE27-AE28,0.000000001),6) | AF29: =MEDIAN(-6,AF25+(AF27-'02_KhoiTao'!$E$32)/MAX(AF27-AF28,0.000000001),6) | AG29: =MEDIAN(-6,AG25+(AG27-'02_KhoiTao'!$E$33)/MAX(AG27-AG28,0.000000001),6) | AH29: =MEDIAN(-6,AH25+(AH27-'02_KhoiTao'!$E$34)/MAX(AH27-AH28,0.000000001),6) | AI29: =MEDIAN(-6,AI25+(AI27-'02_KhoiTao'!$E$35)/MAX(AI27-AI28,0.000000001),6) | AJ29: =MEDIAN(-6,AJ25+(AJ27-'02_KhoiTao'!$E$36)/MAX(AJ27-AJ28,0.000000001),6) | AK29: =MEDIAN(-6,AK25+(AK27-'02_KhoiTao'!$E$37)/MAX(AK27-AK28,0.000000001),6) | AL29: =MEDIAN(-6,AL25+(AL27-'02_KhoiTao'!$E$38)/MAX(AL27-AL28,0.000000001),6) | AM29: =MEDIAN(-6,AM25+(AM27-'02_KhoiTao'!$E$39)/MAX(AM27-AM28,0.000000001),6) | AN29: =MEDIAN(-6,AN25+(AN27-'02_KhoiTao'!$E$40)/MAX(AN27-AN28,0.000000001),6) | AO29: =MEDIAN(-6,AO25+(AO27-'02_KhoiTao'!$E$41)/MAX(AO27-AO28,0.000000001),6) | AP29: =MEDIAN(-6,AP25+(AP27-'02_KhoiTao'!$E$42)/MAX(AP27-AP28,0.000000001),6) | AQ29: =MEDIAN(-6,AQ25+(AQ27-'02_KhoiTao'!$E$43)/MAX(AQ27-AQ28,0.000000001),6) | AR29: =MEDIAN(-6,AR25+(AR27-'02_KhoiTao'!$E$44)/MAX(AR27-AR28,0.000000001),6) | AS29: =MEDIAN(-6,AS25+(AS27-'02_KhoiTao'!$E$45)/MAX(AS27-AS28,0.000000001),6) | AT29: =MEDIAN(-6,AT25+(AT27-'02_KhoiTao'!$E$46)/MAX(AT27-AT28,0.000000001),6) | AU29: =MEDIAN(-6,AU25+(AU27-'02_KhoiTao'!$E$47)/MAX(AU27-AU28,0.000000001),6) | AV29: =MEDIAN(-6,AV25+(AV27-'02_KhoiTao'!$E$48)/MAX(AV27-AV28,0.000000001),6) | AW29: =MEDIAN(-6,AW25+(AW27-'02_KhoiTao'!$E$49)/MAX(AW27-AW28,0.000000001),6)
A30: b5 (canh tâm) | B30: =B29-AVERAGE(B29:AW29) | C30: =C29-AVERAGE(B29:AW29) | D30: =D29-AVERAGE(B29:AW29) | E30: =E29-AVERAGE(B29:AW29) | F30: =F29-AVERAGE(B29:AW29) | G30: =G29-AVERAGE(B29:AW29) | H30: =H29-AVERAGE(B29:AW29) | I30: =I29-AVERAGE(B29:AW29) | J30: =J29-AVERAGE(B29:AW29) | K30: =K29-AVERAGE(B29:AW29) | L30: =L29-AVERAGE(B29:AW29) | M30: =M29-AVERAGE(B29:AW29) | N30: =N29-AVERAGE(B29:AW29) | O30: =O29-AVERAGE(B29:AW29) | P30: =P29-AVERAGE(B29:AW29) | Q30: =Q29-AVERAGE(B29:AW29) | R30: =R29-AVERAGE(B29:AW29) | S30: =S29-AVERAGE(B29:AW29) | T30: =T29-AVERAGE(B29:AW29) | U30: =U29-AVERAGE(B29:AW29) | V30: =V29-AVERAGE(B29:AW29) | W30: =W29-AVERAGE(B29:AW29) | X30: =X29-AVERAGE(B29:AW29) | Y30: =Y29-AVERAGE(B29:AW29) | Z30: =Z29-AVERAGE(B29:AW29) | AA30: =AA29-AVERAGE(B29:AW29) | AB30: =AB29-AVERAGE(B29:AW29) | AC30: =AC29-AVERAGE(B29:AW29) | AD30: =AD29-AVERAGE(B29:AW29) | AE30: =AE29-AVERAGE(B29:AW29) | AF30: =AF29-AVERAGE(B29:AW29) | AG30: =AG29-AVERAGE(B29:AW29) | AH30: =AH29-AVERAGE(B29:AW29) | AI30: =AI29-AVERAGE(B29:AW29) | AJ30: =AJ29-AVERAGE(B29:AW29) | AK30: =AK29-AVERAGE(B29:AW29) | AL30: =AL29-AVERAGE(B29:AW29) | AM30: =AM29-AVERAGE(B29:AW29) | AN30: =AN29-AVERAGE(B29:AW29) | AO30: =AO29-AVERAGE(B29:AW29) | AP30: =AP29-AVERAGE(B29:AW29) | AQ30: =AQ29-AVERAGE(B29:AW29) | AR30: =AR29-AVERAGE(B29:AW29) | AS30: =AS29-AVERAGE(B29:AW29) | AT30: =AT29-AVERAGE(B29:AW29) | AU30: =AU29-AVERAGE(B29:AW29) | AV30: =AV29-AVERAGE(B29:AW29) | AW30: =AW29-AVERAGE(B29:AW29) | AX30: max|Δb| | AY30: {=MAX(ABS(B30:AW30-B25:AW25))}
A32: ΣP vòng 6 | B32: =SUMPRODUCT(('01_Data'!B2:B1038<>"")*(1/(1+EXP(-('03_Lap_Theta'!$W$2:$W$1038-B30))))) | C32: =SUMPRODUCT(('01_Data'!C2:C1038<>"")*(1/(1+EXP(-('03_Lap_Theta'!$W$2:$W$1038-C30))))) | D32: =SUMPRODUCT(('01_Data'!D2:D1038<>"")*(1/(1+EXP(-('03_Lap_Theta'!$W$2:$W$1038-D30))))) | E32: =SUMPRODUCT(('01_Data'!E2:E1038<>"")*(1/(1+EXP(-('03_Lap_Theta'!$W$2:$W$1038-E30))))) | F32: =SUMPRODUCT(('01_Data'!F2:F1038<>"")*(1/(1+EXP(-('03_Lap_Theta'!$W$2:$W$1038-F30))))) | G32: =SUMPRODUCT(('01_Data'!G2:G1038<>"")*(1/(1+EXP(-('03_Lap_Theta'!$W$2:$W$1038-G30))))) | H32: =SUMPRODUCT(('01_Data'!H2:H1038<>"")*(1/(1+EXP(-('03_Lap_Theta'!$W$2:$W$1038-H30))))) | I32: =SUMPRODUCT(('01_Data'!I2:I1038<>"")*(1/(1+EXP(-('03_Lap_Theta'!$W$2:$W$1038-I30))))) | ... AW32: =SUMPRODUCT(('01_Data'!AW2:AW1038<>"")*(1/(1+EXP(-('03_Lap_Theta'!$W$2:$W$1038-AW30)))))
A33: ΣP² vòng 6 | B33: =SUMPRODUCT(('01_Data'!B2:B1038<>"")*(1/(1+EXP(-('03_Lap_Theta'!$W$2:$W$1038-B30))))^2) | C33: =SUMPRODUCT(('01_Data'!C2:C1038<>"")*(1/(1+EXP(-('03_Lap_Theta'!$W$2:$W$1038-C30))))^2) | D33: =SUMPRODUCT(('01_Data'!D2:D1038<>"")*(1/(1+EXP(-('03_Lap_Theta'!$W$2:$W$1038-D30))))^2) | E33: =SUMPRODUCT(('01_Data'!E2:E1038<>"")*(1/(1+EXP(-('03_Lap_Theta'!$W$2:$W$1038-E30))))^2) | F33: =SUMPRODUCT(('01_Data'!F2:F1038<>"")*(1/(1+EXP(-('03_Lap_Theta'!$W$2:$W$1038-F30))))^2) | G33: =SUMPRODUCT(('01_Data'!G2:G1038<>"")*(1/(1+EXP(-('03_Lap_Theta'!$W$2:$W$1038-G30))))^2) | H33: =SUMPRODUCT(('01_Data'!H2:H1038<>"")*(1/(1+EXP(-('03_Lap_Theta'!$W$2:$W$1038-H30))))^2) | I33: =SUMPRODUCT(('01_Data'!I2:I1038<>"")*(1/(1+EXP(-('03_Lap_Theta'!$W$2:$W$1038-I30))))^2) | ... AW33: =SUMPRODUCT(('01_Data'!AW2:AW1038<>"")*(1/(1+EXP(-('03_Lap_Theta'!$W$2:$W$1038-AW30))))^2)
A34: b6_raw | B34: =MEDIAN(-6,B30+(B32-'02_KhoiTao'!$E$2)/MAX(B32-B33,0.000000001),6) | C34: =MEDIAN(-6,C30+(C32-'02_KhoiTao'!$E$3)/MAX(C32-C33,0.000000001),6) | D34: =MEDIAN(-6,D30+(D32-'02_KhoiTao'!$E$4)/MAX(D32-D33,0.000000001),6) | E34: =MEDIAN(-6,E30+(E32-'02_KhoiTao'!$E$5)/MAX(E32-E33,0.000000001),6) | F34: =MEDIAN(-6,F30+(F32-'02_KhoiTao'!$E$6)/MAX(F32-F33,0.000000001),6) | G34: =MEDIAN(-6,G30+(G32-'02_KhoiTao'!$E$7)/MAX(G32-G33,0.000000001),6) | H34: =MEDIAN(-6,H30+(H32-'02_KhoiTao'!$E$8)/MAX(H32-H33,0.000000001),6) | I34: =MEDIAN(-6,I30+(I32-'02_KhoiTao'!$E$9)/MAX(I32-I33,0.000000001),6) | J34: =MEDIAN(-6,J30+(J32-'02_KhoiTao'!$E$10)/MAX(J32-J33,0.000000001),6) | K34: =MEDIAN(-6,K30+(K32-'02_KhoiTao'!$E$11)/MAX(K32-K33,0.000000001),6) | L34: =MEDIAN(-6,L30+(L32-'02_KhoiTao'!$E$12)/MAX(L32-L33,0.000000001),6) | M34: =MEDIAN(-6,M30+(M32-'02_KhoiTao'!$E$13)/MAX(M32-M33,0.000000001),6) | N34: =MEDIAN(-6,N30+(N32-'02_KhoiTao'!$E$14)/MAX(N32-N33,0.000000001),6) | O34: =MEDIAN(-6,O30+(O32-'02_KhoiTao'!$E$15)/MAX(O32-O33,0.000000001),6) | P34: =MEDIAN(-6,P30+(P32-'02_KhoiTao'!$E$16)/MAX(P32-P33,0.000000001),6) | Q34: =MEDIAN(-6,Q30+(Q32-'02_KhoiTao'!$E$17)/MAX(Q32-Q33,0.000000001),6) | R34: =MEDIAN(-6,R30+(R32-'02_KhoiTao'!$E$18)/MAX(R32-R33,0.000000001),6) | S34: =MEDIAN(-6,S30+(S32-'02_KhoiTao'!$E$19)/MAX(S32-S33,0.000000001),6) | T34: =MEDIAN(-6,T30+(T32-'02_KhoiTao'!$E$20)/MAX(T32-T33,0.000000001),6) | U34: =MEDIAN(-6,U30+(U32-'02_KhoiTao'!$E$21)/MAX(U32-U33,0.000000001),6) | V34: =MEDIAN(-6,V30+(V32-'02_KhoiTao'!$E$22)/MAX(V32-V33,0.000000001),6) | W34: =MEDIAN(-6,W30+(W32-'02_KhoiTao'!$E$23)/MAX(W32-W33,0.000000001),6) | X34: =MEDIAN(-6,X30+(X32-'02_KhoiTao'!$E$24)/MAX(X32-X33,0.000000001),6) | Y34: =MEDIAN(-6,Y30+(Y32-'02_KhoiTao'!$E$25)/MAX(Y32-Y33,0.000000001),6) | Z34: =MEDIAN(-6,Z30+(Z32-'02_KhoiTao'!$E$26)/MAX(Z32-Z33,0.000000001),6) | AA34: =MEDIAN(-6,AA30+(AA32-'02_KhoiTao'!$E$27)/MAX(AA32-AA33,0.000000001),6) | AB34: =MEDIAN(-6,AB30+(AB32-'02_KhoiTao'!$E$28)/MAX(AB32-AB33,0.000000001),6) | AC34: =MEDIAN(-6,AC30+(AC32-'02_KhoiTao'!$E$29)/MAX(AC32-AC33,0.000000001),6) | AD34: =MEDIAN(-6,AD30+(AD32-'02_KhoiTao'!$E$30)/MAX(AD32-AD33,0.000000001),6) | AE34: =MEDIAN(-6,AE30+(AE32-'02_KhoiTao'!$E$31)/MAX(AE32-AE33,0.000000001),6) | AF34: =MEDIAN(-6,AF30+(AF32-'02_KhoiTao'!$E$32)/MAX(AF32-AF33,0.000000001),6) | AG34: =MEDIAN(-6,AG30+(AG32-'02_KhoiTao'!$E$33)/MAX(AG32-AG33,0.000000001),6) | AH34: =MEDIAN(-6,AH30+(AH32-'02_KhoiTao'!$E$34)/MAX(AH32-AH33,0.000000001),6) | AI34: =MEDIAN(-6,AI30+(AI32-'02_KhoiTao'!$E$35)/MAX(AI32-AI33,0.000000001),6) | AJ34: =MEDIAN(-6,AJ30+(AJ32-'02_KhoiTao'!$E$36)/MAX(AJ32-AJ33,0.000000001),6) | AK34: =MEDIAN(-6,AK30+(AK32-'02_KhoiTao'!$E$37)/MAX(AK32-AK33,0.000000001),6) | AL34: =MEDIAN(-6,AL30+(AL32-'02_KhoiTao'!$E$38)/MAX(AL32-AL33,0.000000001),6) | AM34: =MEDIAN(-6,AM30+(AM32-'02_KhoiTao'!$E$39)/MAX(AM32-AM33,0.000000001),6) | AN34: =MEDIAN(-6,AN30+(AN32-'02_KhoiTao'!$E$40)/MAX(AN32-AN33,0.000000001),6) | AO34: =MEDIAN(-6,AO30+(AO32-'02_KhoiTao'!$E$41)/MAX(AO32-AO33,0.000000001),6) | AP34: =MEDIAN(-6,AP30+(AP32-'02_KhoiTao'!$E$42)/MAX(AP32-AP33,0.000000001),6) | AQ34: =MEDIAN(-6,AQ30+(AQ32-'02_KhoiTao'!$E$43)/MAX(AQ32-AQ33,0.000000001),6) | AR34: =MEDIAN(-6,AR30+(AR32-'02_KhoiTao'!$E$44)/MAX(AR32-AR33,0.000000001),6) | AS34: =MEDIAN(-6,AS30+(AS32-'02_KhoiTao'!$E$45)/MAX(AS32-AS33,0.000000001),6) | AT34: =MEDIAN(-6,AT30+(AT32-'02_KhoiTao'!$E$46)/MAX(AT32-AT33,0.000000001),6) | AU34: =MEDIAN(-6,AU30+(AU32-'02_KhoiTao'!$E$47)/MAX(AU32-AU33,0.000000001),6) | AV34: =MEDIAN(-6,AV30+(AV32-'02_KhoiTao'!$E$48)/MAX(AV32-AV33,0.000000001),6) | AW34: =MEDIAN(-6,AW30+(AW32-'02_KhoiTao'!$E$49)/MAX(AW32-AW33,0.000000001),6)
A35: b6 (canh tâm) | B35: =B34-AVERAGE(B34:AW34) | C35: =C34-AVERAGE(B34:AW34) | D35: =D34-AVERAGE(B34:AW34) | E35: =E34-AVERAGE(B34:AW34) | F35: =F34-AVERAGE(B34:AW34) | G35: =G34-AVERAGE(B34:AW34) | H35: =H34-AVERAGE(B34:AW34) | I35: =I34-AVERAGE(B34:AW34) | J35: =J34-AVERAGE(B34:AW34) | K35: =K34-AVERAGE(B34:AW34) | L35: =L34-AVERAGE(B34:AW34) | M35: =M34-AVERAGE(B34:AW34) | N35: =N34-AVERAGE(B34:AW34) | O35: =O34-AVERAGE(B34:AW34) | P35: =P34-AVERAGE(B34:AW34) | Q35: =Q34-AVERAGE(B34:AW34) | R35: =R34-AVERAGE(B34:AW34) | S35: =S34-AVERAGE(B34:AW34) | T35: =T34-AVERAGE(B34:AW34) | U35: =U34-AVERAGE(B34:AW34) | V35: =V34-AVERAGE(B34:AW34) | W35: =W34-AVERAGE(B34:AW34) | X35: =X34-AVERAGE(B34:AW34) | Y35: =Y34-AVERAGE(B34:AW34) | Z35: =Z34-AVERAGE(B34:AW34) | AA35: =AA34-AVERAGE(B34:AW34) | AB35: =AB34-AVERAGE(B34:AW34) | AC35: =AC34-AVERAGE(B34:AW34) | AD35: =AD34-AVERAGE(B34:AW34) | AE35: =AE34-AVERAGE(B34:AW34) | AF35: =AF34-AVERAGE(B34:AW34) | AG35: =AG34-AVERAGE(B34:AW34) | AH35: =AH34-AVERAGE(B34:AW34) | AI35: =AI34-AVERAGE(B34:AW34) | AJ35: =AJ34-AVERAGE(B34:AW34) | AK35: =AK34-AVERAGE(B34:AW34) | AL35: =AL34-AVERAGE(B34:AW34) | AM35: =AM34-AVERAGE(B34:AW34) | AN35: =AN34-AVERAGE(B34:AW34) | AO35: =AO34-AVERAGE(B34:AW34) | AP35: =AP34-AVERAGE(B34:AW34) | AQ35: =AQ34-AVERAGE(B34:AW34) | AR35: =AR34-AVERAGE(B34:AW34) | AS35: =AS34-AVERAGE(B34:AW34) | AT35: =AT34-AVERAGE(B34:AW34) | AU35: =AU34-AVERAGE(B34:AW34) | AV35: =AV34-AVERAGE(B34:AW34) | AW35: =AW34-AVERAGE(B34:AW34) | AX35: max|Δb| | AY35: {=MAX(ABS(B35:AW35-B30:AW30))}
A37: ΣP vòng 7 | B37: =SUMPRODUCT(('01_Data'!B2:B1038<>"")*(1/(1+EXP(-('03_Lap_Theta'!$Z$2:$Z$1038-B35))))) | C37: =SUMPRODUCT(('01_Data'!C2:C1038<>"")*(1/(1+EXP(-('03_Lap_Theta'!$Z$2:$Z$1038-C35))))) | D37: =SUMPRODUCT(('01_Data'!D2:D1038<>"")*(1/(1+EXP(-('03_Lap_Theta'!$Z$2:$Z$1038-D35))))) | E37: =SUMPRODUCT(('01_Data'!E2:E1038<>"")*(1/(1+EXP(-('03_Lap_Theta'!$Z$2:$Z$1038-E35))))) | F37: =SUMPRODUCT(('01_Data'!F2:F1038<>"")*(1/(1+EXP(-('03_Lap_Theta'!$Z$2:$Z$1038-F35))))) | G37: =SUMPRODUCT(('01_Data'!G2:G1038<>"")*(1/(1+EXP(-('03_Lap_Theta'!$Z$2:$Z$1038-G35))))) | H37: =SUMPRODUCT(('01_Data'!H2:H1038<>"")*(1/(1+EXP(-('03_Lap_Theta'!$Z$2:$Z$1038-H35))))) | I37: =SUMPRODUCT(('01_Data'!I2:I1038<>"")*(1/(1+EXP(-('03_Lap_Theta'!$Z$2:$Z$1038-I35))))) | ... AW37: =SUMPRODUCT(('01_Data'!AW2:AW1038<>"")*(1/(1+EXP(-('03_Lap_Theta'!$Z$2:$Z$1038-AW35)))))
A38: ΣP² vòng 7 | B38: =SUMPRODUCT(('01_Data'!B2:B1038<>"")*(1/(1+EXP(-('03_Lap_Theta'!$Z$2:$Z$1038-B35))))^2) | C38: =SUMPRODUCT(('01_Data'!C2:C1038<>"")*(1/(1+EXP(-('03_Lap_Theta'!$Z$2:$Z$1038-C35))))^2) | D38: =SUMPRODUCT(('01_Data'!D2:D1038<>"")*(1/(1+EXP(-('03_Lap_Theta'!$Z$2:$Z$1038-D35))))^2) | E38: =SUMPRODUCT(('01_Data'!E2:E1038<>"")*(1/(1+EXP(-('03_Lap_Theta'!$Z$2:$Z$1038-E35))))^2) | F38: =SUMPRODUCT(('01_Data'!F2:F1038<>"")*(1/(1+EXP(-('03_Lap_Theta'!$Z$2:$Z$1038-F35))))^2) | G38: =SUMPRODUCT(('01_Data'!G2:G1038<>"")*(1/(1+EXP(-('03_Lap_Theta'!$Z$2:$Z$1038-G35))))^2) | H38: =SUMPRODUCT(('01_Data'!H2:H1038<>"")*(1/(1+EXP(-('03_Lap_Theta'!$Z$2:$Z$1038-H35))))^2) | I38: =SUMPRODUCT(('01_Data'!I2:I1038<>"")*(1/(1+EXP(-('03_Lap_Theta'!$Z$2:$Z$1038-I35))))^2) | ... AW38: =SUMPRODUCT(('01_Data'!AW2:AW1038<>"")*(1/(1+EXP(-('03_Lap_Theta'!$Z$2:$Z$1038-AW35))))^2)
A39: b7_raw | B39: =MEDIAN(-6,B35+(B37-'02_KhoiTao'!$E$2)/MAX(B37-B38,0.000000001),6) | C39: =MEDIAN(-6,C35+(C37-'02_KhoiTao'!$E$3)/MAX(C37-C38,0.000000001),6) | D39: =MEDIAN(-6,D35+(D37-'02_KhoiTao'!$E$4)/MAX(D37-D38,0.000000001),6) | E39: =MEDIAN(-6,E35+(E37-'02_KhoiTao'!$E$5)/MAX(E37-E38,0.000000001),6) | F39: =MEDIAN(-6,F35+(F37-'02_KhoiTao'!$E$6)/MAX(F37-F38,0.000000001),6) | G39: =MEDIAN(-6,G35+(G37-'02_KhoiTao'!$E$7)/MAX(G37-G38,0.000000001),6) | H39: =MEDIAN(-6,H35+(H37-'02_KhoiTao'!$E$8)/MAX(H37-H38,0.000000001),6) | I39: =MEDIAN(-6,I35+(I37-'02_KhoiTao'!$E$9)/MAX(I37-I38,0.000000001),6) | J39: =MEDIAN(-6,J35+(J37-'02_KhoiTao'!$E$10)/MAX(J37-J38,0.000000001),6) | K39: =MEDIAN(-6,K35+(K37-'02_KhoiTao'!$E$11)/MAX(K37-K38,0.000000001),6) | L39: =MEDIAN(-6,L35+(L37-'02_KhoiTao'!$E$12)/MAX(L37-L38,0.000000001),6) | M39: =MEDIAN(-6,M35+(M37-'02_KhoiTao'!$E$13)/MAX(M37-M38,0.000000001),6) | N39: =MEDIAN(-6,N35+(N37-'02_KhoiTao'!$E$14)/MAX(N37-N38,0.000000001),6) | O39: =MEDIAN(-6,O35+(O37-'02_KhoiTao'!$E$15)/MAX(O37-O38,0.000000001),6) | P39: =MEDIAN(-6,P35+(P37-'02_KhoiTao'!$E$16)/MAX(P37-P38,0.000000001),6) | Q39: =MEDIAN(-6,Q35+(Q37-'02_KhoiTao'!$E$17)/MAX(Q37-Q38,0.000000001),6) | R39: =MEDIAN(-6,R35+(R37-'02_KhoiTao'!$E$18)/MAX(R37-R38,0.000000001),6) | S39: =MEDIAN(-6,S35+(S37-'02_KhoiTao'!$E$19)/MAX(S37-S38,0.000000001),6) | T39: =MEDIAN(-6,T35+(T37-'02_KhoiTao'!$E$20)/MAX(T37-T38,0.000000001),6) | U39: =MEDIAN(-6,U35+(U37-'02_KhoiTao'!$E$21)/MAX(U37-U38,0.000000001),6) | V39: =MEDIAN(-6,V35+(V37-'02_KhoiTao'!$E$22)/MAX(V37-V38,0.000000001),6) | W39: =MEDIAN(-6,W35+(W37-'02_KhoiTao'!$E$23)/MAX(W37-W38,0.000000001),6) | X39: =MEDIAN(-6,X35+(X37-'02_KhoiTao'!$E$24)/MAX(X37-X38,0.000000001),6) | Y39: =MEDIAN(-6,Y35+(Y37-'02_KhoiTao'!$E$25)/MAX(Y37-Y38,0.000000001),6) | Z39: =MEDIAN(-6,Z35+(Z37-'02_KhoiTao'!$E$26)/MAX(Z37-Z38,0.000000001),6) | AA39: =MEDIAN(-6,AA35+(AA37-'02_KhoiTao'!$E$27)/MAX(AA37-AA38,0.000000001),6) | AB39: =MEDIAN(-6,AB35+(AB37-'02_KhoiTao'!$E$28)/MAX(AB37-AB38,0.000000001),6) | AC39: =MEDIAN(-6,AC35+(AC37-'02_KhoiTao'!$E$29)/MAX(AC37-AC38,0.000000001),6) | AD39: =MEDIAN(-6,AD35+(AD37-'02_KhoiTao'!$E$30)/MAX(AD37-AD38,0.000000001),6) | AE39: =MEDIAN(-6,AE35+(AE37-'02_KhoiTao'!$E$31)/MAX(AE37-AE38,0.000000001),6) | AF39: =MEDIAN(-6,AF35+(AF37-'02_KhoiTao'!$E$32)/MAX(AF37-AF38,0.000000001),6) | AG39: =MEDIAN(-6,AG35+(AG37-'02_KhoiTao'!$E$33)/MAX(AG37-AG38,0.000000001),6) | AH39: =MEDIAN(-6,AH35+(AH37-'02_KhoiTao'!$E$34)/MAX(AH37-AH38,0.000000001),6) | AI39: =MEDIAN(-6,AI35+(AI37-'02_KhoiTao'!$E$35)/MAX(AI37-AI38,0.000000001),6) | AJ39: =MEDIAN(-6,AJ35+(AJ37-'02_KhoiTao'!$E$36)/MAX(AJ37-AJ38,0.000000001),6) | AK39: =MEDIAN(-6,AK35+(AK37-'02_KhoiTao'!$E$37)/MAX(AK37-AK38,0.000000001),6) | AL39: =MEDIAN(-6,AL35+(AL37-'02_KhoiTao'!$E$38)/MAX(AL37-AL38,0.000000001),6) | AM39: =MEDIAN(-6,AM35+(AM37-'02_KhoiTao'!$E$39)/MAX(AM37-AM38,0.000000001),6) | AN39: =MEDIAN(-6,AN35+(AN37-'02_KhoiTao'!$E$40)/MAX(AN37-AN38,0.000000001),6) | AO39: =MEDIAN(-6,AO35+(AO37-'02_KhoiTao'!$E$41)/MAX(AO37-AO38,0.000000001),6) | AP39: =MEDIAN(-6,AP35+(AP37-'02_KhoiTao'!$E$42)/MAX(AP37-AP38,0.000000001),6) | AQ39: =MEDIAN(-6,AQ35+(AQ37-'02_KhoiTao'!$E$43)/MAX(AQ37-AQ38,0.000000001),6) | AR39: =MEDIAN(-6,AR35+(AR37-'02_KhoiTao'!$E$44)/MAX(AR37-AR38,0.000000001),6) | AS39: =MEDIAN(-6,AS35+(AS37-'02_KhoiTao'!$E$45)/MAX(AS37-AS38,0.000000001),6) | AT39: =MEDIAN(-6,AT35+(AT37-'02_KhoiTao'!$E$46)/MAX(AT37-AT38,0.000000001),6) | AU39: =MEDIAN(-6,AU35+(AU37-'02_KhoiTao'!$E$47)/MAX(AU37-AU38,0.000000001),6) | AV39: =MEDIAN(-6,AV35+(AV37-'02_KhoiTao'!$E$48)/MAX(AV37-AV38,0.000000001),6) | AW39: =MEDIAN(-6,AW35+(AW37-'02_KhoiTao'!$E$49)/MAX(AW37-AW38,0.000000001),6)
A40: b7 (canh tâm) | B40: =B39-AVERAGE(B39:AW39) | C40: =C39-AVERAGE(B39:AW39) | D40: =D39-AVERAGE(B39:AW39) | E40: =E39-AVERAGE(B39:AW39) | F40: =F39-AVERAGE(B39:AW39) | G40: =G39-AVERAGE(B39:AW39) | H40: =H39-AVERAGE(B39:AW39) | I40: =I39-AVERAGE(B39:AW39) | J40: =J39-AVERAGE(B39:AW39) | K40: =K39-AVERAGE(B39:AW39) | L40: =L39-AVERAGE(B39:AW39) | M40: =M39-AVERAGE(B39:AW39) | N40: =N39-AVERAGE(B39:AW39) | O40: =O39-AVERAGE(B39:AW39) | P40: =P39-AVERAGE(B39:AW39) | Q40: =Q39-AVERAGE(B39:AW39) | R40: =R39-AVERAGE(B39:AW39) | S40: =S39-AVERAGE(B39:AW39) | T40: =T39-AVERAGE(B39:AW39) | U40: =U39-AVERAGE(B39:AW39) | V40: =V39-AVERAGE(B39:AW39) | W40: =W39-AVERAGE(B39:AW39) | X40: =X39-AVERAGE(B39:AW39) | Y40: =Y39-AVERAGE(B39:AW39) | Z40: =Z39-AVERAGE(B39:AW39) | AA40: =AA39-AVERAGE(B39:AW39) | AB40: =AB39-AVERAGE(B39:AW39) | AC40: =AC39-AVERAGE(B39:AW39) | AD40: =AD39-AVERAGE(B39:AW39) | AE40: =AE39-AVERAGE(B39:AW39) | AF40: =AF39-AVERAGE(B39:AW39) | AG40: =AG39-AVERAGE(B39:AW39) | AH40: =AH39-AVERAGE(B39:AW39) | AI40: =AI39-AVERAGE(B39:AW39) | AJ40: =AJ39-AVERAGE(B39:AW39) | AK40: =AK39-AVERAGE(B39:AW39) | AL40: =AL39-AVERAGE(B39:AW39) | AM40: =AM39-AVERAGE(B39:AW39) | AN40: =AN39-AVERAGE(B39:AW39) | AO40: =AO39-AVERAGE(B39:AW39) | AP40: =AP39-AVERAGE(B39:AW39) | AQ40: =AQ39-AVERAGE(B39:AW39) | AR40: =AR39-AVERAGE(B39:AW39) | AS40: =AS39-AVERAGE(B39:AW39) | AT40: =AT39-AVERAGE(B39:AW39) | AU40: =AU39-AVERAGE(B39:AW39) | AV40: =AV39-AVERAGE(B39:AW39) | AW40: =AW39-AVERAGE(B39:AW39) | AX40: max|Δb| | AY40: {=MAX(ABS(B40:AW40-B35:AW35))}
A42: ΣP vòng 8 | B42: =SUMPRODUCT(('01_Data'!B2:B1038<>"")*(1/(1+EXP(-('03_Lap_Theta'!$AC$2:$AC$1038-B40))))) | C42: =SUMPRODUCT(('01_Data'!C2:C1038<>"")*(1/(1+EXP(-('03_Lap_Theta'!$AC$2:$AC$1038-C40))))) | D42: =SUMPRODUCT(('01_Data'!D2:D1038<>"")*(1/(1+EXP(-('03_Lap_Theta'!$AC$2:$AC$1038-D40))))) | E42: =SUMPRODUCT(('01_Data'!E2:E1038<>"")*(1/(1+EXP(-('03_Lap_Theta'!$AC$2:$AC$1038-E40))))) | F42: =SUMPRODUCT(('01_Data'!F2:F1038<>"")*(1/(1+EXP(-('03_Lap_Theta'!$AC$2:$AC$1038-F40))))) | G42: =SUMPRODUCT(('01_Data'!G2:G1038<>"")*(1/(1+EXP(-('03_Lap_Theta'!$AC$2:$AC$1038-G40))))) | H42: =SUMPRODUCT(('01_Data'!H2:H1038<>"")*(1/(1+EXP(-('03_Lap_Theta'!$AC$2:$AC$1038-H40))))) | I42: =SUMPRODUCT(('01_Data'!I2:I1038<>"")*(1/(1+EXP(-('03_Lap_Theta'!$AC$2:$AC$1038-I40))))) | ... AW42: =SUMPRODUCT(('01_Data'!AW2:AW1038<>"")*(1/(1+EXP(-('03_Lap_Theta'!$AC$2:$AC$1038-AW40)))))
A43: ΣP² vòng 8 | B43: =SUMPRODUCT(('01_Data'!B2:B1038<>"")*(1/(1+EXP(-('03_Lap_Theta'!$AC$2:$AC$1038-B40))))^2) | C43: =SUMPRODUCT(('01_Data'!C2:C1038<>"")*(1/(1+EXP(-('03_Lap_Theta'!$AC$2:$AC$1038-C40))))^2) | D43: =SUMPRODUCT(('01_Data'!D2:D1038<>"")*(1/(1+EXP(-('03_Lap_Theta'!$AC$2:$AC$1038-D40))))^2) | E43: =SUMPRODUCT(('01_Data'!E2:E1038<>"")*(1/(1+EXP(-('03_Lap_Theta'!$AC$2:$AC$1038-E40))))^2) | F43: =SUMPRODUCT(('01_Data'!F2:F1038<>"")*(1/(1+EXP(-('03_Lap_Theta'!$AC$2:$AC$1038-F40))))^2) | G43: =SUMPRODUCT(('01_Data'!G2:G1038<>"")*(1/(1+EXP(-('03_Lap_Theta'!$AC$2:$AC$1038-G40))))^2) | H43: =SUMPRODUCT(('01_Data'!H2:H1038<>"")*(1/(1+EXP(-('03_Lap_Theta'!$AC$2:$AC$1038-H40))))^2) | I43: =SUMPRODUCT(('01_Data'!I2:I1038<>"")*(1/(1+EXP(-('03_Lap_Theta'!$AC$2:$AC$1038-I40))))^2) | ... AW43: =SUMPRODUCT(('01_Data'!AW2:AW1038<>"")*(1/(1+EXP(-('03_Lap_Theta'!$AC$2:$AC$1038-AW40))))^2)
A44: b8_raw | B44: =MEDIAN(-6,B40+(B42-'02_KhoiTao'!$E$2)/MAX(B42-B43,0.000000001),6) | C44: =MEDIAN(-6,C40+(C42-'02_KhoiTao'!$E$3)/MAX(C42-C43,0.000000001),6) | D44: =MEDIAN(-6,D40+(D42-'02_KhoiTao'!$E$4)/MAX(D42-D43,0.000000001),6) | E44: =MEDIAN(-6,E40+(E42-'02_KhoiTao'!$E$5)/MAX(E42-E43,0.000000001),6) | F44: =MEDIAN(-6,F40+(F42-'02_KhoiTao'!$E$6)/MAX(F42-F43,0.000000001),6) | G44: =MEDIAN(-6,G40+(G42-'02_KhoiTao'!$E$7)/MAX(G42-G43,0.000000001),6) | H44: =MEDIAN(-6,H40+(H42-'02_KhoiTao'!$E$8)/MAX(H42-H43,0.000000001),6) | I44: =MEDIAN(-6,I40+(I42-'02_KhoiTao'!$E$9)/MAX(I42-I43,0.000000001),6) | J44: =MEDIAN(-6,J40+(J42-'02_KhoiTao'!$E$10)/MAX(J42-J43,0.000000001),6) | K44: =MEDIAN(-6,K40+(K42-'02_KhoiTao'!$E$11)/MAX(K42-K43,0.000000001),6) | L44: =MEDIAN(-6,L40+(L42-'02_KhoiTao'!$E$12)/MAX(L42-L43,0.000000001),6) | M44: =MEDIAN(-6,M40+(M42-'02_KhoiTao'!$E$13)/MAX(M42-M43,0.000000001),6) | N44: =MEDIAN(-6,N40+(N42-'02_KhoiTao'!$E$14)/MAX(N42-N43,0.000000001),6) | O44: =MEDIAN(-6,O40+(O42-'02_KhoiTao'!$E$15)/MAX(O42-O43,0.000000001),6) | P44: =MEDIAN(-6,P40+(P42-'02_KhoiTao'!$E$16)/MAX(P42-P43,0.000000001),6) | Q44: =MEDIAN(-6,Q40+(Q42-'02_KhoiTao'!$E$17)/MAX(Q42-Q43,0.000000001),6) | R44: =MEDIAN(-6,R40+(R42-'02_KhoiTao'!$E$18)/MAX(R42-R43,0.000000001),6) | S44: =MEDIAN(-6,S40+(S42-'02_KhoiTao'!$E$19)/MAX(S42-S43,0.000000001),6) | T44: =MEDIAN(-6,T40+(T42-'02_KhoiTao'!$E$20)/MAX(T42-T43,0.000000001),6) | U44: =MEDIAN(-6,U40+(U42-'02_KhoiTao'!$E$21)/MAX(U42-U43,0.000000001),6) | V44: =MEDIAN(-6,V40+(V42-'02_KhoiTao'!$E$22)/MAX(V42-V43,0.000000001),6) | W44: =MEDIAN(-6,W40+(W42-'02_KhoiTao'!$E$23)/MAX(W42-W43,0.000000001),6) | X44: =MEDIAN(-6,X40+(X42-'02_KhoiTao'!$E$24)/MAX(X42-X43,0.000000001),6) | Y44: =MEDIAN(-6,Y40+(Y42-'02_KhoiTao'!$E$25)/MAX(Y42-Y43,0.000000001),6) | Z44: =MEDIAN(-6,Z40+(Z42-'02_KhoiTao'!$E$26)/MAX(Z42-Z43,0.000000001),6) | AA44: =MEDIAN(-6,AA40+(AA42-'02_KhoiTao'!$E$27)/MAX(AA42-AA43,0.000000001),6) | AB44: =MEDIAN(-6,AB40+(AB42-'02_KhoiTao'!$E$28)/MAX(AB42-AB43,0.000000001),6) | AC44: =MEDIAN(-6,AC40+(AC42-'02_KhoiTao'!$E$29)/MAX(AC42-AC43,0.000000001),6) | AD44: =MEDIAN(-6,AD40+(AD42-'02_KhoiTao'!$E$30)/MAX(AD42-AD43,0.000000001),6) | AE44: =MEDIAN(-6,AE40+(AE42-'02_KhoiTao'!$E$31)/MAX(AE42-AE43,0.000000001),6) | AF44: =MEDIAN(-6,AF40+(AF42-'02_KhoiTao'!$E$32)/MAX(AF42-AF43,0.000000001),6) | AG44: =MEDIAN(-6,AG40+(AG42-'02_KhoiTao'!$E$33)/MAX(AG42-AG43,0.000000001),6) | AH44: =MEDIAN(-6,AH40+(AH42-'02_KhoiTao'!$E$34)/MAX(AH42-AH43,0.000000001),6) | AI44: =MEDIAN(-6,AI40+(AI42-'02_KhoiTao'!$E$35)/MAX(AI42-AI43,0.000000001),6) | AJ44: =MEDIAN(-6,AJ40+(AJ42-'02_KhoiTao'!$E$36)/MAX(AJ42-AJ43,0.000000001),6) | AK44: =MEDIAN(-6,AK40+(AK42-'02_KhoiTao'!$E$37)/MAX(AK42-AK43,0.000000001),6) | AL44: =MEDIAN(-6,AL40+(AL42-'02_KhoiTao'!$E$38)/MAX(AL42-AL43,0.000000001),6) | AM44: =MEDIAN(-6,AM40+(AM42-'02_KhoiTao'!$E$39)/MAX(AM42-AM43,0.000000001),6) | AN44: =MEDIAN(-6,AN40+(AN42-'02_KhoiTao'!$E$40)/MAX(AN42-AN43,0.000000001),6) | AO44: =MEDIAN(-6,AO40+(AO42-'02_KhoiTao'!$E$41)/MAX(AO42-AO43,0.000000001),6) | AP44: =MEDIAN(-6,AP40+(AP42-'02_KhoiTao'!$E$42)/MAX(AP42-AP43,0.000000001),6) | AQ44: =MEDIAN(-6,AQ40+(AQ42-'02_KhoiTao'!$E$43)/MAX(AQ42-AQ43,0.000000001),6) | AR44: =MEDIAN(-6,AR40+(AR42-'02_KhoiTao'!$E$44)/MAX(AR42-AR43,0.000000001),6) | AS44: =MEDIAN(-6,AS40+(AS42-'02_KhoiTao'!$E$45)/MAX(AS42-AS43,0.000000001),6) | AT44: =MEDIAN(-6,AT40+(AT42-'02_KhoiTao'!$E$46)/MAX(AT42-AT43,0.000000001),6) | AU44: =MEDIAN(-6,AU40+(AU42-'02_KhoiTao'!$E$47)/MAX(AU42-AU43,0.000000001),6) | AV44: =MEDIAN(-6,AV40+(AV42-'02_KhoiTao'!$E$48)/MAX(AV42-AV43,0.000000001),6) | AW44: =MEDIAN(-6,AW40+(AW42-'02_KhoiTao'!$E$49)/MAX(AW42-AW43,0.000000001),6)
A45: b8 (canh tâm) | B45: =B44-AVERAGE(B44:AW44) | C45: =C44-AVERAGE(B44:AW44) | D45: =D44-AVERAGE(B44:AW44) | E45: =E44-AVERAGE(B44:AW44) | F45: =F44-AVERAGE(B44:AW44) | G45: =G44-AVERAGE(B44:AW44) | H45: =H44-AVERAGE(B44:AW44) | I45: =I44-AVERAGE(B44:AW44) | J45: =J44-AVERAGE(B44:AW44) | K45: =K44-AVERAGE(B44:AW44) | L45: =L44-AVERAGE(B44:AW44) | M45: =M44-AVERAGE(B44:AW44) | N45: =N44-AVERAGE(B44:AW44) | O45: =O44-AVERAGE(B44:AW44) | P45: =P44-AVERAGE(B44:AW44) | Q45: =Q44-AVERAGE(B44:AW44) | R45: =R44-AVERAGE(B44:AW44) | S45: =S44-AVERAGE(B44:AW44) | T45: =T44-AVERAGE(B44:AW44) | U45: =U44-AVERAGE(B44:AW44) | V45: =V44-AVERAGE(B44:AW44) | W45: =W44-AVERAGE(B44:AW44) | X45: =X44-AVERAGE(B44:AW44) | Y45: =Y44-AVERAGE(B44:AW44) | Z45: =Z44-AVERAGE(B44:AW44) | AA45: =AA44-AVERAGE(B44:AW44) | AB45: =AB44-AVERAGE(B44:AW44) | AC45: =AC44-AVERAGE(B44:AW44) | AD45: =AD44-AVERAGE(B44:AW44) | AE45: =AE44-AVERAGE(B44:AW44) | AF45: =AF44-AVERAGE(B44:AW44) | AG45: =AG44-AVERAGE(B44:AW44) | AH45: =AH44-AVERAGE(B44:AW44) | AI45: =AI44-AVERAGE(B44:AW44) | AJ45: =AJ44-AVERAGE(B44:AW44) | AK45: =AK44-AVERAGE(B44:AW44) | AL45: =AL44-AVERAGE(B44:AW44) | AM45: =AM44-AVERAGE(B44:AW44) | AN45: =AN44-AVERAGE(B44:AW44) | AO45: =AO44-AVERAGE(B44:AW44) | AP45: =AP44-AVERAGE(B44:AW44) | AQ45: =AQ44-AVERAGE(B44:AW44) | AR45: =AR44-AVERAGE(B44:AW44) | AS45: =AS44-AVERAGE(B44:AW44) | AT45: =AT44-AVERAGE(B44:AW44) | AU45: =AU44-AVERAGE(B44:AW44) | AV45: =AV44-AVERAGE(B44:AW44) | AW45: =AW44-AVERAGE(B44:AW44) | AX45: max|Δb| | AY45: {=MAX(ABS(B45:AW45-B40:AW40))}

Sheet 04_Item
A1: i | B1: qid | C1: Câu | D1: Loại | E1: p | F1: b (Excel) | G1: SE(b) | H1: Hạng độ khó | I1: Biên?
A2: 1 | B2: 208493209536 | C2: Câu 1 MC | D2: MC | E2: ='02_KhoiTao'!G2 | F2: ='03_Lap_b'!B45 | G2: =1/SQRT(MAX('03_Lap_b'!B42-'03_Lap_b'!B43,0.000000001)) | H2: =RANK(F2,$F$2:$F$49,1) | I2: ='02_KhoiTao'!J2
A3: 2 | B3: 208493412207 | C3: Câu 2 MC | D3: MC | E3: ='02_KhoiTao'!G3 | F3: ='03_Lap_b'!C45 | G3: =1/SQRT(MAX('03_Lap_b'!C42-'03_Lap_b'!C43,0.000000001)) | H3: =RANK(F3,$F$2:$F$49,1) | I3: ='02_KhoiTao'!J3
A4: 3 | B4: 208493634375 | C4: Câu 3 MC | D4: MC | E4: ='02_KhoiTao'!G4 | F4: ='03_Lap_b'!D45 | G4: =1/SQRT(MAX('03_Lap_b'!D42-'03_Lap_b'!D43,0.000000001)) | H4: =RANK(F4,$F$2:$F$49,1) | I4: ='02_KhoiTao'!J4
A5: 4 | B5: 208493806712 | C5: Câu 4 MC | D5: MC | E5: ='02_KhoiTao'!G5 | F5: ='03_Lap_b'!E45 | G5: =1/SQRT(MAX('03_Lap_b'!E42-'03_Lap_b'!E43,0.000000001)) | H5: =RANK(F5,$F$2:$F$49,1) | I5: ='02_KhoiTao'!J5
A6: 5 | B6: 208494503646 | C6: Câu 5 MC | D6: MC | E6: ='02_KhoiTao'!G6 | F6: ='03_Lap_b'!F45 | G6: =1/SQRT(MAX('03_Lap_b'!F42-'03_Lap_b'!F43,0.000000001)) | H6: =RANK(F6,$F$2:$F$49,1) | I6: ='02_KhoiTao'!J6
A7: 6 | B7: 208495066643 | C7: Câu 6 MC | D7: MC | E7: ='02_KhoiTao'!G7 | F7: ='03_Lap_b'!G45 | G7: =1/SQRT(MAX('03_Lap_b'!G42-'03_Lap_b'!G43,0.000000001)) | H7: =RANK(F7,$F$2:$F$49,1) | I7: ='02_KhoiTao'!J7
A8: 7 | B8: 208495459130 | C8: Câu 7 MC | D8: MC | E8: ='02_KhoiTao'!G8 | F8: ='03_Lap_b'!H45 | G8: =1/SQRT(MAX('03_Lap_b'!H42-'03_Lap_b'!H43,0.000000001)) | H8: =RANK(F8,$F$2:$F$49,1) | I8: ='02_KhoiTao'!J8
A9: 8 | B9: 208495984573 | C9: Câu 8 MC | D9: MC | E9: ='02_KhoiTao'!G9 | F9: ='03_Lap_b'!I45 | G9: =1/SQRT(MAX('03_Lap_b'!I42-'03_Lap_b'!I43,0.000000001)) | H9: =RANK(F9,$F$2:$F$49,1) | I9: ='02_KhoiTao'!J9
A10: 9 | B10: 208496326564 | C10: Câu 9 MC | D10: MC | E10: ='02_KhoiTao'!G10 | F10: ='03_Lap_b'!J45 | G10: =1/SQRT(MAX('03_Lap_b'!J42-'03_Lap_b'!J43,0.000000001)) | H10: =RANK(F10,$F$2:$F$49,1) | I10: ='02_KhoiTao'!J10
A11: 10 | B11: 208497043631 | C11: Câu 10 MC | D11: MC | E11: ='02_KhoiTao'!G11 | F11: ='03_Lap_b'!K45 | G11: =1/SQRT(MAX('03_Lap_b'!K42-'03_Lap_b'!K43,0.000000001)) | H11: =RANK(F11,$F$2:$F$49,1) | I11: ='02_KhoiTao'!J11
A12: 11 | B12: 208497697530 | C12: Câu 24 MC | D12: MC | E12: ='02_KhoiTao'!G12 | F12: ='03_Lap_b'!L45 | G12: =1/SQRT(MAX('03_Lap_b'!L42-'03_Lap_b'!L43,0.000000001)) | H12: =RANK(F12,$F$2:$F$49,1) | I12: ='02_KhoiTao'!J12
A13: 12 | B13: 208497947837 | C13: Câu 23 MC | D13: MC | E13: ='02_KhoiTao'!G13 | F13: ='03_Lap_b'!M45 | G13: =1/SQRT(MAX('03_Lap_b'!M42-'03_Lap_b'!M43,0.000000001)) | H13: =RANK(F13,$F$2:$F$49,1) | I13: ='02_KhoiTao'!J13
A14: 13 | B14: 208498680706 | C14: Câu 11 MC | D14: MC | E14: ='02_KhoiTao'!G14 | F14: ='03_Lap_b'!N45 | G14: =1/SQRT(MAX('03_Lap_b'!N42-'03_Lap_b'!N43,0.000000001)) | H14: =RANK(F14,$F$2:$F$49,1) | I14: ='02_KhoiTao'!J14
A15: 14 | B15: 208498750254 | C15: Câu 12 MC | D15: MC | E15: ='02_KhoiTao'!G15 | F15: ='03_Lap_b'!O45 | G15: =1/SQRT(MAX('03_Lap_b'!O42-'03_Lap_b'!O43,0.000000001)) | H15: =RANK(F15,$F$2:$F$49,1) | I15: ='02_KhoiTao'!J15
A16: 15 | B16: 208500103341 | C16: Câu 13 MC | D16: MC | E16: ='02_KhoiTao'!G16 | F16: ='03_Lap_b'!P45 | G16: =1/SQRT(MAX('03_Lap_b'!P42-'03_Lap_b'!P43,0.000000001)) | H16: =RANK(F16,$F$2:$F$49,1) | I16: ='02_KhoiTao'!J16
A17: 16 | B17: 208500538567 | C17: Câu 22 MC | D17: MC | E17: ='02_KhoiTao'!G17 | F17: ='03_Lap_b'!Q45 | G17: =1/SQRT(MAX('03_Lap_b'!Q42-'03_Lap_b'!Q43,0.000000001)) | H17: =RANK(F17,$F$2:$F$49,1) | I17: ='02_KhoiTao'!J17
A18: 17 | B18: 208501397853 | C18: Câu 16 MC | D18: MC | E18: ='02_KhoiTao'!G18 | F18: ='03_Lap_b'!R45 | G18: =1/SQRT(MAX('03_Lap_b'!R42-'03_Lap_b'!R43,0.000000001)) | H18: =RANK(F18,$F$2:$F$49,1) | I18: ='02_KhoiTao'!J18
A19: 18 | B19: 208501882621 | C19: Câu 17 MC | D19: MC | E19: ='02_KhoiTao'!G19 | F19: ='03_Lap_b'!S45 | G19: =1/SQRT(MAX('03_Lap_b'!S42-'03_Lap_b'!S43,0.000000001)) | H19: =RANK(F19,$F$2:$F$49,1) | I19: ='02_KhoiTao'!J19
A20: 19 | B20: 208502464537 | C20: Câu 18 MC | D20: MC | E20: ='02_KhoiTao'!G20 | F20: ='03_Lap_b'!T45 | G20: =1/SQRT(MAX('03_Lap_b'!T42-'03_Lap_b'!T43,0.000000001)) | H20: =RANK(F20,$F$2:$F$49,1) | I20: ='02_KhoiTao'!J20
A21: 20 | B21: 208518915377 | C21: Câu 14 MC | D21: MC | E21: ='02_KhoiTao'!G21 | F21: ='03_Lap_b'!U45 | G21: =1/SQRT(MAX('03_Lap_b'!U42-'03_Lap_b'!U43,0.000000001)) | H21: =RANK(F21,$F$2:$F$49,1) | I21: ='02_KhoiTao'!J21
A22: 21 | B22: 208519541200 | C22: Câu 15 MC | D22: MC | E22: ='02_KhoiTao'!G22 | F22: ='03_Lap_b'!V45 | G22: =1/SQRT(MAX('03_Lap_b'!V42-'03_Lap_b'!V43,0.000000001)) | H22: =RANK(F22,$F$2:$F$49,1) | I22: ='02_KhoiTao'!J22
A23: 22 | B23: 208519949207 | C23: Câu 19 MC | D23: MC | E23: ='02_KhoiTao'!G23 | F23: ='03_Lap_b'!W45 | G23: =1/SQRT(MAX('03_Lap_b'!W42-'03_Lap_b'!W43,0.000000001)) | H23: =RANK(F23,$F$2:$F$49,1) | I23: ='02_KhoiTao'!J23
A24: 23 | B24: 208520832930 | C24: Câu 20 MC | D24: MC | E24: ='02_KhoiTao'!G24 | F24: ='03_Lap_b'!X45 | G24: =1/SQRT(MAX('03_Lap_b'!X42-'03_Lap_b'!X43,0.000000001)) | H24: =RANK(F24,$F$2:$F$49,1) | I24: ='02_KhoiTao'!J24
A25: 24 | B25: 208521276474 | C25: Câu 21 MC | D25: MC | E25: ='02_KhoiTao'!G25 | F25: ='03_Lap_b'!Y45 | G25: =1/SQRT(MAX('03_Lap_b'!Y42-'03_Lap_b'!Y43,0.000000001)) | H25: =RANK(F25,$F$2:$F$49,1) | I25: ='02_KhoiTao'!J25
A26: 25 | B26: 208529022568_a | C26: Câu 25.a TF | D26: TF | E26: ='02_KhoiTao'!G26 | F26: ='03_Lap_b'!Z45 | G26: =1/SQRT(MAX('03_Lap_b'!Z42-'03_Lap_b'!Z43,0.000000001)) | H26: =RANK(F26,$F$2:$F$49,1) | I26: ='02_KhoiTao'!J26
A27: 26 | B27: 208529022568_b | C27: Câu 25.b TF | D27: TF | E27: ='02_KhoiTao'!G27 | F27: ='03_Lap_b'!AA45 | G27: =1/SQRT(MAX('03_Lap_b'!AA42-'03_Lap_b'!AA43,0.000000001)) | H27: =RANK(F27,$F$2:$F$49,1) | I27: ='02_KhoiTao'!J27
A28: 27 | B28: 208529022568_c | C28: Câu 25.c TF | D28: TF | E28: ='02_KhoiTao'!G28 | F28: ='03_Lap_b'!AB45 | G28: =1/SQRT(MAX('03_Lap_b'!AB42-'03_Lap_b'!AB43,0.000000001)) | H28: =RANK(F28,$F$2:$F$49,1) | I28: ='02_KhoiTao'!J28
A29: 28 | B29: 208529022568_d | C29: Câu 25.d TF | D29: TF | E29: ='02_KhoiTao'!G29 | F29: ='03_Lap_b'!AC45 | G29: =1/SQRT(MAX('03_Lap_b'!AC42-'03_Lap_b'!AC43,0.000000001)) | H29: =RANK(F29,$F$2:$F$49,1) | I29: ='02_KhoiTao'!J29
A30: 29 | B30: 208560377855_a | C30: Câu 27.a TF | D30: TF | E30: ='02_KhoiTao'!G30 | F30: ='03_Lap_b'!AD45 | G30: =1/SQRT(MAX('03_Lap_b'!AD42-'03_Lap_b'!AD43,0.000000001)) | H30: =RANK(F30,$F$2:$F$49,1) | I30: ='02_KhoiTao'!J30
A31: 30 | B31: 208560377855_b | C31: Câu 27.b TF | D31: TF | E31: ='02_KhoiTao'!G31 | F31: ='03_Lap_b'!AE45 | G31: =1/SQRT(MAX('03_Lap_b'!AE42-'03_Lap_b'!AE43,0.000000001)) | H31: =RANK(F31,$F$2:$F$49,1) | I31: ='02_KhoiTao'!J31
A32: 31 | B32: 208560377855_c | C32: Câu 27.c TF | D32: TF | E32: ='02_KhoiTao'!G32 | F32: ='03_Lap_b'!AF45 | G32: =1/SQRT(MAX('03_Lap_b'!AF42-'03_Lap_b'!AF43,0.000000001)) | H32: =RANK(F32,$F$2:$F$49,1) | I32: ='02_KhoiTao'!J32
A33: 32 | B33: 208560377855_d | C33: Câu 27.d TF | D33: TF | E33: ='02_KhoiTao'!G33 | F33: ='03_Lap_b'!AG45 | G33: =1/SQRT(MAX('03_Lap_b'!AG42-'03_Lap_b'!AG43,0.000000001)) | H33: =RANK(F33,$F$2:$F$49,1) | I33: ='02_KhoiTao'!J33
A34: 33 | B34: 208572448723_a | C34: Câu 26.a TF | D34: TF | E34: ='02_KhoiTao'!G34 | F34: ='03_Lap_b'!AH45 | G34: =1/SQRT(MAX('03_Lap_b'!AH42-'03_Lap_b'!AH43,0.000000001)) | H34: =RANK(F34,$F$2:$F$49,1) | I34: ='02_KhoiTao'!J34
A35: 34 | B35: 208572448723_b | C35: Câu 26.b TF | D35: TF | E35: ='02_KhoiTao'!G35 | F35: ='03_Lap_b'!AI45 | G35: =1/SQRT(MAX('03_Lap_b'!AI42-'03_Lap_b'!AI43,0.000000001)) | H35: =RANK(F35,$F$2:$F$49,1) | I35: ='02_KhoiTao'!J35
A36: 35 | B36: 208572448723_c | C36: Câu 26.c TF | D36: TF | E36: ='02_KhoiTao'!G36 | F36: ='03_Lap_b'!AJ45 | G36: =1/SQRT(MAX('03_Lap_b'!AJ42-'03_Lap_b'!AJ43,0.000000001)) | H36: =RANK(F36,$F$2:$F$49,1) | I36: ='02_KhoiTao'!J36
A37: 36 | B37: 208572448723_d | C37: Câu 26.d TF | D37: TF | E37: ='02_KhoiTao'!G37 | F37: ='03_Lap_b'!AK45 | G37: =1/SQRT(MAX('03_Lap_b'!AK42-'03_Lap_b'!AK43,0.000000001)) | H37: =RANK(F37,$F$2:$F$49,1) | I37: ='02_KhoiTao'!J37
A38: 37 | B38: 208572588199_a | C38: Câu 28.a TF | D38: TF | E38: ='02_KhoiTao'!G38 | F38: ='03_Lap_b'!AL45 | G38: =1/SQRT(MAX('03_Lap_b'!AL42-'03_Lap_b'!AL43,0.000000001)) | H38: =RANK(F38,$F$2:$F$49,1) | I38: ='02_KhoiTao'!J38
A39: 38 | B39: 208572588199_b | C39: Câu 28.b TF | D39: TF | E39: ='02_KhoiTao'!G39 | F39: ='03_Lap_b'!AM45 | G39: =1/SQRT(MAX('03_Lap_b'!AM42-'03_Lap_b'!AM43,0.000000001)) | H39: =RANK(F39,$F$2:$F$49,1) | I39: ='02_KhoiTao'!J39
A40: 39 | B40: 208572588199_c | C40: Câu 28.c TF | D40: TF | E40: ='02_KhoiTao'!G40 | F40: ='03_Lap_b'!AN45 | G40: =1/SQRT(MAX('03_Lap_b'!AN42-'03_Lap_b'!AN43,0.000000001)) | H40: =RANK(F40,$F$2:$F$49,1) | I40: ='02_KhoiTao'!J40
A41: 40 | B41: 208572588199_d | C41: Câu 28.d TF | D41: TF | E41: ='02_KhoiTao'!G41 | F41: ='03_Lap_b'!AO45 | G41: =1/SQRT(MAX('03_Lap_b'!AO42-'03_Lap_b'!AO43,0.000000001)) | H41: =RANK(F41,$F$2:$F$49,1) | I41: ='02_KhoiTao'!J41
A42: 41 | B42: 208572673790_a | C42: Câu 29.a TF | D42: TF | E42: ='02_KhoiTao'!G42 | F42: ='03_Lap_b'!AP45 | G42: =1/SQRT(MAX('03_Lap_b'!AP42-'03_Lap_b'!AP43,0.000000001)) | H42: =RANK(F42,$F$2:$F$49,1) | I42: ='02_KhoiTao'!J42
A43: 42 | B43: 208572673790_b | C43: Câu 29.b TF | D43: TF | E43: ='02_KhoiTao'!G43 | F43: ='03_Lap_b'!AQ45 | G43: =1/SQRT(MAX('03_Lap_b'!AQ42-'03_Lap_b'!AQ43,0.000000001)) | H43: =RANK(F43,$F$2:$F$49,1) | I43: ='02_KhoiTao'!J43
A44: 43 | B44: 208572673790_c | C44: Câu 29.c TF | D44: TF | E44: ='02_KhoiTao'!G44 | F44: ='03_Lap_b'!AR45 | G44: =1/SQRT(MAX('03_Lap_b'!AR42-'03_Lap_b'!AR43,0.000000001)) | H44: =RANK(F44,$F$2:$F$49,1) | I44: ='02_KhoiTao'!J44
A45: 44 | B45: 208572673790_d | C45: Câu 29.d TF | D45: TF | E45: ='02_KhoiTao'!G45 | F45: ='03_Lap_b'!AS45 | G45: =1/SQRT(MAX('03_Lap_b'!AS42-'03_Lap_b'!AS43,0.000000001)) | H45: =RANK(F45,$F$2:$F$49,1) | I45: ='02_KhoiTao'!J45
A46: 45 | B46: 208576851532_a | C46: Câu 30.a TF | D46: TF | E46: ='02_KhoiTao'!G46 | F46: ='03_Lap_b'!AT45 | G46: =1/SQRT(MAX('03_Lap_b'!AT42-'03_Lap_b'!AT43,0.000000001)) | H46: =RANK(F46,$F$2:$F$49,1) | I46: ='02_KhoiTao'!J46
A47: 46 | B47: 208576851532_b | C47: Câu 30.b TF | D47: TF | E47: ='02_KhoiTao'!G47 | F47: ='03_Lap_b'!AU45 | G47: =1/SQRT(MAX('03_Lap_b'!AU42-'03_Lap_b'!AU43,0.000000001)) | H47: =RANK(F47,$F$2:$F$49,1) | I47: ='02_KhoiTao'!J47
A48: 47 | B48: 208576851532_c | C48: Câu 30.c TF | D48: TF | E48: ='02_KhoiTao'!G48 | F48: ='03_Lap_b'!AV45 | G48: =1/SQRT(MAX('03_Lap_b'!AV42-'03_Lap_b'!AV43,0.000000001)) | H48: =RANK(F48,$F$2:$F$49,1) | I48: ='02_KhoiTao'!J48
A49: 48 | B49: 208576851532_d | C49: Câu 30.d TF | D49: TF | E49: ='02_KhoiTao'!G49 | F49: ='03_Lap_b'!AW45 | G49: =1/SQRT(MAX('03_Lap_b'!AW42-'03_Lap_b'!AW43,0.000000001)) | H49: =RANK(F49,$F$2:$F$49,1) | I49: ='02_KhoiTao'!J49

Sheet 05_NangLuc
A1: i | B1: iduser | C1: R (điểm) | D1: M (làm) | E1: θ (Excel) | F1: I(θ) thông tin | G1: SE(θ) | H1: Biên?
A2: 1 | B2: ='01_Data'!A2 | C2: ='03_Lap_Theta'!C2 | D2: ='03_Lap_Theta'!D2 | E2: ='03_Lap_Theta'!$AC2 | F2: =SUMPRODUCT(('01_Data'!$B2:$AW2<>"")*(1/(1+EXP(-('03_Lap_Theta'!$AC2-'03_Lap_b'!$B$45:$AW$45))))*(1-(1/(1+EXP(-('03_Lap_Theta'!$AC2-'03_Lap_b'!$B$45:$AW$45)))))) | G2: =IF(F2<=0.000000001,"",1/SQRT(F2)) | H2: =IF(OR(C2=0,C2=D2),"BIÊN","")
A3: 2 | B3: ='01_Data'!A3 | C3: ='03_Lap_Theta'!C3 | D3: ='03_Lap_Theta'!D3 | E3: ='03_Lap_Theta'!$AC3 | F3: =SUMPRODUCT(('01_Data'!$B3:$AW3<>"")*(1/(1+EXP(-('03_Lap_Theta'!$AC3-'03_Lap_b'!$B$45:$AW$45))))*(1-(1/(1+EXP(-('03_Lap_Theta'!$AC3-'03_Lap_b'!$B$45:$AW$45)))))) | G3: =IF(F3<=0.000000001,"",1/SQRT(F3)) | H3: =IF(OR(C3=0,C3=D3),"BIÊN","")
A4: 3 | B4: ='01_Data'!A4 | C4: ='03_Lap_Theta'!C4 | D4: ='03_Lap_Theta'!D4 | E4: ='03_Lap_Theta'!$AC4 | F4: =SUMPRODUCT(('01_Data'!$B4:$AW4<>"")*(1/(1+EXP(-('03_Lap_Theta'!$AC4-'03_Lap_b'!$B$45:$AW$45))))*(1-(1/(1+EXP(-('03_Lap_Theta'!$AC4-'03_Lap_b'!$B$45:$AW$45)))))) | G4: =IF(F4<=0.000000001,"",1/SQRT(F4)) | H4: =IF(OR(C4=0,C4=D4),"BIÊN","")
A5: 4 | B5: ='01_Data'!A5 | C5: ='03_Lap_Theta'!C5 | D5: ='03_Lap_Theta'!D5 | E5: ='03_Lap_Theta'!$AC5 | F5: =SUMPRODUCT(('01_Data'!$B5:$AW5<>"")*(1/(1+EXP(-('03_Lap_Theta'!$AC5-'03_Lap_b'!$B$45:$AW$45))))*(1-(1/(1+EXP(-('03_Lap_Theta'!$AC5-'03_Lap_b'!$B$45:$AW$45)))))) | G5: =IF(F5<=0.000000001,"",1/SQRT(F5)) | H5: =IF(OR(C5=0,C5=D5),"BIÊN","")
A6: 5 | B6: ='01_Data'!A6 | C6: ='03_Lap_Theta'!C6 | D6: ='03_Lap_Theta'!D6 | E6: ='03_Lap_Theta'!$AC6 | F6: =SUMPRODUCT(('01_Data'!$B6:$AW6<>"")*(1/(1+EXP(-('03_Lap_Theta'!$AC6-'03_Lap_b'!$B$45:$AW$45))))*(1-(1/(1+EXP(-('03_Lap_Theta'!$AC6-'03_Lap_b'!$B$45:$AW$45)))))) | G6: =IF(F6<=0.000000001,"",1/SQRT(F6)) | H6: =IF(OR(C6=0,C6=D6),"BIÊN","")
A7: 6 | B7: ='01_Data'!A7 | C7: ='03_Lap_Theta'!C7 | D7: ='03_Lap_Theta'!D7 | E7: ='03_Lap_Theta'!$AC7 | F7: =SUMPRODUCT(('01_Data'!$B7:$AW7<>"")*(1/(1+EXP(-('03_Lap_Theta'!$AC7-'03_Lap_b'!$B$45:$AW$45))))*(1-(1/(1+EXP(-('03_Lap_Theta'!$AC7-'03_Lap_b'!$B$45:$AW$45)))))) | G7: =IF(F7<=0.000000001,"",1/SQRT(F7)) | H7: =IF(OR(C7=0,C7=D7),"BIÊN","")
A8: 7 | B8: ='01_Data'!A8 | C8: ='03_Lap_Theta'!C8 | D8: ='03_Lap_Theta'!D8 | E8: ='03_Lap_Theta'!$AC8 | F8: =SUMPRODUCT(('01_Data'!$B8:$AW8<>"")*(1/(1+EXP(-('03_Lap_Theta'!$AC8-'03_Lap_b'!$B$45:$AW$45))))*(1-(1/(1+EXP(-('03_Lap_Theta'!$AC8-'03_Lap_b'!$B$45:$AW$45)))))) | G8: =IF(F8<=0.000000001,"",1/SQRT(F8)) | H8: =IF(OR(C8=0,C8=D8),"BIÊN","")
A9: 8 | B9: ='01_Data'!A9 | C9: ='03_Lap_Theta'!C9 | D9: ='03_Lap_Theta'!D9 | E9: ='03_Lap_Theta'!$AC9 | F9: =SUMPRODUCT(('01_Data'!$B9:$AW9<>"")*(1/(1+EXP(-('03_Lap_Theta'!$AC9-'03_Lap_b'!$B$45:$AW$45))))*(1-(1/(1+EXP(-('03_Lap_Theta'!$AC9-'03_Lap_b'!$B$45:$AW$45)))))) | G9: =IF(F9<=0.000000001,"",1/SQRT(F9)) | H9: =IF(OR(C9=0,C9=D9),"BIÊN","")
A10: 9 | B10: ='01_Data'!A10 | C10: ='03_Lap_Theta'!C10 | D10: ='03_Lap_Theta'!D10 | E10: ='03_Lap_Theta'!$AC10 | F10: =SUMPRODUCT(('01_Data'!$B10:$AW10<>"")*(1/(1+EXP(-('03_Lap_Theta'!$AC10-'03_Lap_b'!$B$45:$AW$45))))*(1-(1/(1+EXP(-('03_Lap_Theta'!$AC10-'03_Lap_b'!$B$45:$AW$45)))))) | G10: =IF(F10<=0.000000001,"",1/SQRT(F10)) | H10: =IF(OR(C10=0,C10=D10),"BIÊN","")
A11: 10 | B11: ='01_Data'!A11 | C11: ='03_Lap_Theta'!C11 | D11: ='03_Lap_Theta'!D11 | E11: ='03_Lap_Theta'!$AC11 | F11: =SUMPRODUCT(('01_Data'!$B11:$AW11<>"")*(1/(1+EXP(-('03_Lap_Theta'!$AC11-'03_Lap_b'!$B$45:$AW$45))))*(1-(1/(1+EXP(-('03_Lap_Theta'!$AC11-'03_Lap_b'!$B$45:$AW$45)))))) | G11: =IF(F11<=0.000000001,"",1/SQRT(F11)) | H11: =IF(OR(C11=0,C11=D11),"BIÊN","")
A12: 11 | B12: ='01_Data'!A12 | C12: ='03_Lap_Theta'!C12 | D12: ='03_Lap_Theta'!D12 | E12: ='03_Lap_Theta'!$AC12 | F12: =SUMPRODUCT(('01_Data'!$B12:$AW12<>"")*(1/(1+EXP(-('03_Lap_Theta'!$AC12-'03_Lap_b'!$B$45:$AW$45))))*(1-(1/(1+EXP(-('03_Lap_Theta'!$AC12-'03_Lap_b'!$B$45:$AW$45)))))) | G12: =IF(F12<=0.000000001,"",1/SQRT(F12)) | H12: =IF(OR(C12=0,C12=D12),"BIÊN","")
A13: 12 | B13: ='01_Data'!A13 | C13: ='03_Lap_Theta'!C13 | D13: ='03_Lap_Theta'!D13 | E13: ='03_Lap_Theta'!$AC13 | F13: =SUMPRODUCT(('01_Data'!$B13:$AW13<>"")*(1/(1+EXP(-('03_Lap_Theta'!$AC13-'03_Lap_b'!$B$45:$AW$45))))*(1-(1/(1+EXP(-('03_Lap_Theta'!$AC13-'03_Lap_b'!$B$45:$AW$45)))))) | G13: =IF(F13<=0.000000001,"",1/SQRT(F13)) | H13: =IF(OR(C13=0,C13=D13),"BIÊN","")
... A1038: 1037 | B1038: ='01_Data'!A1038 | C1038: ='03_Lap_Theta'!C1038 | D1038: ='03_Lap_Theta'!D1038 | E1038: ='03_Lap_Theta'!$AC1038 | F1038: =SUMPRODUCT(('01_Data'!$B1038:$AW1038<>"")*(1/(1+EXP(-('03_Lap_Theta'!$AC1038-'03_Lap_b'!$B$45:$AW$45))))*(1-(1/(1+EXP(-('03_Lap_Theta'!$AC1038-'03_Lap_b'!$B$45:$AW$45)))))) | G1038: =IF(F1038<=0.000000001,"",1/SQRT(F1038)) | H1038: =IF(OR(C1038=0,C1038=D1038),"BIÊN","")

Sheet 06_DoThi
A1: ĐỒ THỊ — ICC, TIF, Wright map
A2: θ | B2: TIF=Σ I(θ) | C2: ICC Câu 9 MC | D2: ICC Câu 1 MC | E2: ICC Câu 25.a TF | F2: ICC Câu 26.b TF | G2: ICC Câu 19 MC | H2: ICC Câu 21 MC | I2: TCC=Σ P (điểm thực) | X2: Wright map — phân bố | AB2: Quy đổi θ → điểm thực
A3: -4 | B3: =SUMPRODUCT(J3:BE3*(1-J3:BE3)) | C3: =R3 | D3: =J3 | E3: =AH3 | F3: =AQ3 | G3: =AE3 | H3: =AG3 | I3: =SUM(J3:BE3) | J3: =1/(1+EXP(-($A3-'03_Lap_b'!B$45))) | K3: =1/(1+EXP(-($A3-'03_Lap_b'!C$45))) | L3: =1/(1+EXP(-($A3-'03_Lap_b'!D$45))) | M3: =1/(1+EXP(-($A3-'03_Lap_b'!E$45))) | N3: =1/(1+EXP(-($A3-'03_Lap_b'!F$45))) | O3: =1/(1+EXP(-($A3-'03_Lap_b'!G$45))) | P3: =1/(1+EXP(-($A3-'03_Lap_b'!H$45))) | Q3: =1/(1+EXP(-($A3-'03_Lap_b'!I$45))) | ... W3: =1/(1+EXP(-($A3-'03_Lap_b'!O$45))) | X3: Khoảng (logit) | Y3: Số HS (θ) | Z3: Số câu (b) | AA3: =1/(1+EXP(-($A3-'03_Lap_b'!S$45))) | AB3: θ | AC3: τ(θ) | AD3: % /48 | AE3: =1/(1+EXP(-($A3-'03_Lap_b'!W$45))) | AF3: =1/(1+EXP(-($A3-'03_Lap_b'!X$45))) | AG3: =1/(1+EXP(-($A3-'03_Lap_b'!Y$45))) | AH3: =1/(1+EXP(-($A3-'03_Lap_b'!Z$45))) | AI3: =1/(1+EXP(-($A3-'03_Lap_b'!AA$45))) | AJ3: =1/(1+EXP(-($A3-'03_Lap_b'!AB$45))) | AK3: =1/(1+EXP(-($A3-'03_Lap_b'!AC$45))) | AL3: =1/(1+EXP(-($A3-'03_Lap_b'!AD$45))) | ... BE3: =1/(1+EXP(-($A3-'03_Lap_b'!AW$45)))
A4: -3.8 | B4: =SUMPRODUCT(J4:BE4*(1-J4:BE4)) | C4: =R4 | D4: =J4 | E4: =AH4 | F4: =AQ4 | G4: =AE4 | H4: =AG4 | I4: =SUM(J4:BE4) | J4: =1/(1+EXP(-($A4-'03_Lap_b'!B$45))) | K4: =1/(1+EXP(-($A4-'03_Lap_b'!C$45))) | L4: =1/(1+EXP(-($A4-'03_Lap_b'!D$45))) | M4: =1/(1+EXP(-($A4-'03_Lap_b'!E$45))) | N4: =1/(1+EXP(-($A4-'03_Lap_b'!F$45))) | O4: =1/(1+EXP(-($A4-'03_Lap_b'!G$45))) | P4: =1/(1+EXP(-($A4-'03_Lap_b'!H$45))) | Q4: =1/(1+EXP(-($A4-'03_Lap_b'!I$45))) | ... W4: =1/(1+EXP(-($A4-'03_Lap_b'!O$45))) | X4: [-5.0, -4.5) | Y4: =COUNTIFS('05_NangLuc'!$E$2:$E$1038,">="&-5.0,'05_NangLuc'!$E$2:$E$1038,"<"&-4.5) | Z4: =COUNTIFS('04_Item'!$F$2:$F$49,">="&-5.0,'04_Item'!$F$2:$F$49,"<"&-4.5) | AA4: =1/(1+EXP(-($A4-'03_Lap_b'!S$45))) | AB4: -3 | AC4: =SUMPRODUCT(1/(1+EXP(-(-3-'03_Lap_b'!$B$45:$AW$45)))) | AD4: =AC4/48*100 | AE4: =1/(1+EXP(-($A4-'03_Lap_b'!W$45))) | AF4: =1/(1+EXP(-($A4-'03_Lap_b'!X$45))) | AG4: =1/(1+EXP(-($A4-'03_Lap_b'!Y$45))) | AH4: =1/(1+EXP(-($A4-'03_Lap_b'!Z$45))) | AI4: =1/(1+EXP(-($A4-'03_Lap_b'!AA$45))) | AJ4: =1/(1+EXP(-($A4-'03_Lap_b'!AB$45))) | AK4: =1/(1+EXP(-($A4-'03_Lap_b'!AC$45))) | AL4: =1/(1+EXP(-($A4-'03_Lap_b'!AD$45))) | ... BE4: =1/(1+EXP(-($A4-'03_Lap_b'!AW$45)))
A5: -3.6 | B5: =SUMPRODUCT(J5:BE5*(1-J5:BE5)) | C5: =R5 | D5: =J5 | E5: =AH5 | F5: =AQ5 | G5: =AE5 | H5: =AG5 | I5: =SUM(J5:BE5) | J5: =1/(1+EXP(-($A5-'03_Lap_b'!B$45))) | K5: =1/(1+EXP(-($A5-'03_Lap_b'!C$45))) | L5: =1/(1+EXP(-($A5-'03_Lap_b'!D$45))) | M5: =1/(1+EXP(-($A5-'03_Lap_b'!E$45))) | N5: =1/(1+EXP(-($A5-'03_Lap_b'!F$45))) | O5: =1/(1+EXP(-($A5-'03_Lap_b'!G$45))) | P5: =1/(1+EXP(-($A5-'03_Lap_b'!H$45))) | Q5: =1/(1+EXP(-($A5-'03_Lap_b'!I$45))) | ... W5: =1/(1+EXP(-($A5-'03_Lap_b'!O$45))) | X5: [-4.5, -4.0) | Y5: =COUNTIFS('05_NangLuc'!$E$2:$E$1038,">="&-4.5,'05_NangLuc'!$E$2:$E$1038,"<"&-4.0) | Z5: =COUNTIFS('04_Item'!$F$2:$F$49,">="&-4.5,'04_Item'!$F$2:$F$49,"<"&-4.0) | AA5: =1/(1+EXP(-($A5-'03_Lap_b'!S$45))) | AB5: -2 | AC5: =SUMPRODUCT(1/(1+EXP(-(-2-'03_Lap_b'!$B$45:$AW$45)))) | AD5: =AC5/48*100 | AE5: =1/(1+EXP(-($A5-'03_Lap_b'!W$45))) | AF5: =1/(1+EXP(-($A5-'03_Lap_b'!X$45))) | AG5: =1/(1+EXP(-($A5-'03_Lap_b'!Y$45))) | AH5: =1/(1+EXP(-($A5-'03_Lap_b'!Z$45))) | AI5: =1/(1+EXP(-($A5-'03_Lap_b'!AA$45))) | AJ5: =1/(1+EXP(-($A5-'03_Lap_b'!AB$45))) | AK5: =1/(1+EXP(-($A5-'03_Lap_b'!AC$45))) | AL5: =1/(1+EXP(-($A5-'03_Lap_b'!AD$45))) | ... BE5: =1/(1+EXP(-($A5-'03_Lap_b'!AW$45)))
A6: -3.4 | B6: =SUMPRODUCT(J6:BE6*(1-J6:BE6)) | C6: =R6 | D6: =J6 | E6: =AH6 | F6: =AQ6 | G6: =AE6 | H6: =AG6 | I6: =SUM(J6:BE6) | J6: =1/(1+EXP(-($A6-'03_Lap_b'!B$45))) | K6: =1/(1+EXP(-($A6-'03_Lap_b'!C$45))) | L6: =1/(1+EXP(-($A6-'03_Lap_b'!D$45))) | M6: =1/(1+EXP(-($A6-'03_Lap_b'!E$45))) | N6: =1/(1+EXP(-($A6-'03_Lap_b'!F$45))) | O6: =1/(1+EXP(-($A6-'03_Lap_b'!G$45))) | P6: =1/(1+EXP(-($A6-'03_Lap_b'!H$45))) | Q6: =1/(1+EXP(-($A6-'03_Lap_b'!I$45))) | ... W6: =1/(1+EXP(-($A6-'03_Lap_b'!O$45))) | X6: [-4.0, -3.5) | Y6: =COUNTIFS('05_NangLuc'!$E$2:$E$1038,">="&-4.0,'05_NangLuc'!$E$2:$E$1038,"<"&-3.5) | Z6: =COUNTIFS('04_Item'!$F$2:$F$49,">="&-4.0,'04_Item'!$F$2:$F$49,"<"&-3.5) | AA6: =1/(1+EXP(-($A6-'03_Lap_b'!S$45))) | AB6: -1 | AC6: =SUMPRODUCT(1/(1+EXP(-(-1-'03_Lap_b'!$B$45:$AW$45)))) | AD6: =AC6/48*100 | AE6: =1/(1+EXP(-($A6-'03_Lap_b'!W$45))) | AF6: =1/(1+EXP(-($A6-'03_Lap_b'!X$45))) | AG6: =1/(1+EXP(-($A6-'03_Lap_b'!Y$45))) | AH6: =1/(1+EXP(-($A6-'03_Lap_b'!Z$45))) | AI6: =1/(1+EXP(-($A6-'03_Lap_b'!AA$45))) | AJ6: =1/(1+EXP(-($A6-'03_Lap_b'!AB$45))) | AK6: =1/(1+EXP(-($A6-'03_Lap_b'!AC$45))) | AL6: =1/(1+EXP(-($A6-'03_Lap_b'!AD$45))) | ... BE6: =1/(1+EXP(-($A6-'03_Lap_b'!AW$45)))
A7: -3.2 | B7: =SUMPRODUCT(J7:BE7*(1-J7:BE7)) | C7: =R7 | D7: =J7 | E7: =AH7 | F7: =AQ7 | G7: =AE7 | H7: =AG7 | I7: =SUM(J7:BE7) | J7: =1/(1+EXP(-($A7-'03_Lap_b'!B$45))) | K7: =1/(1+EXP(-($A7-'03_Lap_b'!C$45))) | L7: =1/(1+EXP(-($A7-'03_Lap_b'!D$45))) | M7: =1/(1+EXP(-($A7-'03_Lap_b'!E$45))) | N7: =1/(1+EXP(-($A7-'03_Lap_b'!F$45))) | O7: =1/(1+EXP(-($A7-'03_Lap_b'!G$45))) | P7: =1/(1+EXP(-($A7-'03_Lap_b'!H$45))) | Q7: =1/(1+EXP(-($A7-'03_Lap_b'!I$45))) | ... W7: =1/(1+EXP(-($A7-'03_Lap_b'!O$45))) | X7: [-3.5, -3.0) | Y7: =COUNTIFS('05_NangLuc'!$E$2:$E$1038,">="&-3.5,'05_NangLuc'!$E$2:$E$1038,"<"&-3.0) | Z7: =COUNTIFS('04_Item'!$F$2:$F$49,">="&-3.5,'04_Item'!$F$2:$F$49,"<"&-3.0) | AA7: =1/(1+EXP(-($A7-'03_Lap_b'!S$45))) | AB7: 0 | AC7: =SUMPRODUCT(1/(1+EXP(-(0-'03_Lap_b'!$B$45:$AW$45)))) | AD7: =AC7/48*100 | AE7: =1/(1+EXP(-($A7-'03_Lap_b'!W$45))) | AF7: =1/(1+EXP(-($A7-'03_Lap_b'!X$45))) | AG7: =1/(1+EXP(-($A7-'03_Lap_b'!Y$45))) | AH7: =1/(1+EXP(-($A7-'03_Lap_b'!Z$45))) | AI7: =1/(1+EXP(-($A7-'03_Lap_b'!AA$45))) | AJ7: =1/(1+EXP(-($A7-'03_Lap_b'!AB$45))) | AK7: =1/(1+EXP(-($A7-'03_Lap_b'!AC$45))) | AL7: =1/(1+EXP(-($A7-'03_Lap_b'!AD$45))) | ... BE7: =1/(1+EXP(-($A7-'03_Lap_b'!AW$45)))
A8: -3 | B8: =SUMPRODUCT(J8:BE8*(1-J8:BE8)) | C8: =R8 | D8: =J8 | E8: =AH8 | F8: =AQ8 | G8: =AE8 | H8: =AG8 | I8: =SUM(J8:BE8) | J8: =1/(1+EXP(-($A8-'03_Lap_b'!B$45))) | K8: =1/(1+EXP(-($A8-'03_Lap_b'!C$45))) | L8: =1/(1+EXP(-($A8-'03_Lap_b'!D$45))) | M8: =1/(1+EXP(-($A8-'03_Lap_b'!E$45))) | N8: =1/(1+EXP(-($A8-'03_Lap_b'!F$45))) | O8: =1/(1+EXP(-($A8-'03_Lap_b'!G$45))) | P8: =1/(1+EXP(-($A8-'03_Lap_b'!H$45))) | Q8: =1/(1+EXP(-($A8-'03_Lap_b'!I$45))) | ... W8: =1/(1+EXP(-($A8-'03_Lap_b'!O$45))) | X8: [-3.0, -2.5) | Y8: =COUNTIFS('05_NangLuc'!$E$2:$E$1038,">="&-3.0,'05_NangLuc'!$E$2:$E$1038,"<"&-2.5) | Z8: =COUNTIFS('04_Item'!$F$2:$F$49,">="&-3.0,'04_Item'!$F$2:$F$49,"<"&-2.5) | AA8: =1/(1+EXP(-($A8-'03_Lap_b'!S$45))) | AB8: 1 | AC8: =SUMPRODUCT(1/(1+EXP(-(1-'03_Lap_b'!$B$45:$AW$45)))) | AD8: =AC8/48*100 | AE8: =1/(1+EXP(-($A8-'03_Lap_b'!W$45))) | AF8: =1/(1+EXP(-($A8-'03_Lap_b'!X$45))) | AG8: =1/(1+EXP(-($A8-'03_Lap_b'!Y$45))) | AH8: =1/(1+EXP(-($A8-'03_Lap_b'!Z$45))) | AI8: =1/(1+EXP(-($A8-'03_Lap_b'!AA$45))) | AJ8: =1/(1+EXP(-($A8-'03_Lap_b'!AB$45))) | AK8: =1/(1+EXP(-($A8-'03_Lap_b'!AC$45))) | AL8: =1/(1+EXP(-($A8-'03_Lap_b'!AD$45))) | ... BE8: =1/(1+EXP(-($A8-'03_Lap_b'!AW$45)))
A9: -2.8 | B9: =SUMPRODUCT(J9:BE9*(1-J9:BE9)) | C9: =R9 | D9: =J9 | E9: =AH9 | F9: =AQ9 | G9: =AE9 | H9: =AG9 | I9: =SUM(J9:BE9) | J9: =1/(1+EXP(-($A9-'03_Lap_b'!B$45))) | K9: =1/(1+EXP(-($A9-'03_Lap_b'!C$45))) | L9: =1/(1+EXP(-($A9-'03_Lap_b'!D$45))) | M9: =1/(1+EXP(-($A9-'03_Lap_b'!E$45))) | N9: =1/(1+EXP(-($A9-'03_Lap_b'!F$45))) | O9: =1/(1+EXP(-($A9-'03_Lap_b'!G$45))) | P9: =1/(1+EXP(-($A9-'03_Lap_b'!H$45))) | Q9: =1/(1+EXP(-($A9-'03_Lap_b'!I$45))) | ... W9: =1/(1+EXP(-($A9-'03_Lap_b'!O$45))) | X9: [-2.5, -2.0) | Y9: =COUNTIFS('05_NangLuc'!$E$2:$E$1038,">="&-2.5,'05_NangLuc'!$E$2:$E$1038,"<"&-2.0) | Z9: =COUNTIFS('04_Item'!$F$2:$F$49,">="&-2.5,'04_Item'!$F$2:$F$49,"<"&-2.0) | AA9: =1/(1+EXP(-($A9-'03_Lap_b'!S$45))) | AB9: 2 | AC9: =SUMPRODUCT(1/(1+EXP(-(2-'03_Lap_b'!$B$45:$AW$45)))) | AD9: =AC9/48*100 | AE9: =1/(1+EXP(-($A9-'03_Lap_b'!W$45))) | AF9: =1/(1+EXP(-($A9-'03_Lap_b'!X$45))) | AG9: =1/(1+EXP(-($A9-'03_Lap_b'!Y$45))) | AH9: =1/(1+EXP(-($A9-'03_Lap_b'!Z$45))) | AI9: =1/(1+EXP(-($A9-'03_Lap_b'!AA$45))) | AJ9: =1/(1+EXP(-($A9-'03_Lap_b'!AB$45))) | AK9: =1/(1+EXP(-($A9-'03_Lap_b'!AC$45))) | AL9: =1/(1+EXP(-($A9-'03_Lap_b'!AD$45))) | ... BE9: =1/(1+EXP(-($A9-'03_Lap_b'!AW$45)))
A10: -2.6 | B10: =SUMPRODUCT(J10:BE10*(1-J10:BE10)) | C10: =R10 | D10: =J10 | E10: =AH10 | F10: =AQ10 | G10: =AE10 | H10: =AG10 | I10: =SUM(J10:BE10) | J10: =1/(1+EXP(-($A10-'03_Lap_b'!B$45))) | K10: =1/(1+EXP(-($A10-'03_Lap_b'!C$45))) | L10: =1/(1+EXP(-($A10-'03_Lap_b'!D$45))) | M10: =1/(1+EXP(-($A10-'03_Lap_b'!E$45))) | N10: =1/(1+EXP(-($A10-'03_Lap_b'!F$45))) | O10: =1/(1+EXP(-($A10-'03_Lap_b'!G$45))) | P10: =1/(1+EXP(-($A10-'03_Lap_b'!H$45))) | Q10: =1/(1+EXP(-($A10-'03_Lap_b'!I$45))) | ... W10: =1/(1+EXP(-($A10-'03_Lap_b'!O$45))) | X10: [-2.0, -1.5) | Y10: =COUNTIFS('05_NangLuc'!$E$2:$E$1038,">="&-2.0,'05_NangLuc'!$E$2:$E$1038,"<"&-1.5) | Z10: =COUNTIFS('04_Item'!$F$2:$F$49,">="&-2.0,'04_Item'!$F$2:$F$49,"<"&-1.5) | AA10: =1/(1+EXP(-($A10-'03_Lap_b'!S$45))) | AB10: 3 | AC10: =SUMPRODUCT(1/(1+EXP(-(3-'03_Lap_b'!$B$45:$AW$45)))) | AD10: =AC10/48*100 | AE10: =1/(1+EXP(-($A10-'03_Lap_b'!W$45))) | AF10: =1/(1+EXP(-($A10-'03_Lap_b'!X$45))) | AG10: =1/(1+EXP(-($A10-'03_Lap_b'!Y$45))) | AH10: =1/(1+EXP(-($A10-'03_Lap_b'!Z$45))) | AI10: =1/(1+EXP(-($A10-'03_Lap_b'!AA$45))) | AJ10: =1/(1+EXP(-($A10-'03_Lap_b'!AB$45))) | AK10: =1/(1+EXP(-($A10-'03_Lap_b'!AC$45))) | AL10: =1/(1+EXP(-($A10-'03_Lap_b'!AD$45))) | ... BE10: =1/(1+EXP(-($A10-'03_Lap_b'!AW$45)))
A11: -2.4 | B11: =SUMPRODUCT(J11:BE11*(1-J11:BE11)) | C11: =R11 | D11: =J11 | E11: =AH11 | F11: =AQ11 | G11: =AE11 | H11: =AG11 | I11: =SUM(J11:BE11) | J11: =1/(1+EXP(-($A11-'03_Lap_b'!B$45))) | K11: =1/(1+EXP(-($A11-'03_Lap_b'!C$45))) | L11: =1/(1+EXP(-($A11-'03_Lap_b'!D$45))) | M11: =1/(1+EXP(-($A11-'03_Lap_b'!E$45))) | N11: =1/(1+EXP(-($A11-'03_Lap_b'!F$45))) | O11: =1/(1+EXP(-($A11-'03_Lap_b'!G$45))) | P11: =1/(1+EXP(-($A11-'03_Lap_b'!H$45))) | Q11: =1/(1+EXP(-($A11-'03_Lap_b'!I$45))) | ... W11: =1/(1+EXP(-($A11-'03_Lap_b'!O$45))) | X11: [-1.5, -1.0) | Y11: =COUNTIFS('05_NangLuc'!$E$2:$E$1038,">="&-1.5,'05_NangLuc'!$E$2:$E$1038,"<"&-1.0) | Z11: =COUNTIFS('04_Item'!$F$2:$F$49,">="&-1.5,'04_Item'!$F$2:$F$49,"<"&-1.0) | AA11: =1/(1+EXP(-($A11-'03_Lap_b'!S$45))) | AB11: =1/(1+EXP(-($A11-'03_Lap_b'!T$45))) | AC11: =1/(1+EXP(-($A11-'03_Lap_b'!U$45))) | AD11: =1/(1+EXP(-($A11-'03_Lap_b'!V$45))) | AE11: =1/(1+EXP(-($A11-'03_Lap_b'!W$45))) | AF11: =1/(1+EXP(-($A11-'03_Lap_b'!X$45))) | AG11: =1/(1+EXP(-($A11-'03_Lap_b'!Y$45))) | AH11: =1/(1+EXP(-($A11-'03_Lap_b'!Z$45))) | ... BE11: =1/(1+EXP(-($A11-'03_Lap_b'!AW$45)))
A12: -2.2 | B12: =SUMPRODUCT(J12:BE12*(1-J12:BE12)) | C12: =R12 | D12: =J12 | E12: =AH12 | F12: =AQ12 | G12: =AE12 | H12: =AG12 | I12: =SUM(J12:BE12) | J12: =1/(1+EXP(-($A12-'03_Lap_b'!B$45))) | K12: =1/(1+EXP(-($A12-'03_Lap_b'!C$45))) | L12: =1/(1+EXP(-($A12-'03_Lap_b'!D$45))) | M12: =1/(1+EXP(-($A12-'03_Lap_b'!E$45))) | N12: =1/(1+EXP(-($A12-'03_Lap_b'!F$45))) | O12: =1/(1+EXP(-($A12-'03_Lap_b'!G$45))) | P12: =1/(1+EXP(-($A12-'03_Lap_b'!H$45))) | Q12: =1/(1+EXP(-($A12-'03_Lap_b'!I$45))) | ... W12: =1/(1+EXP(-($A12-'03_Lap_b'!O$45))) | X12: [-1.0, -0.5) | Y12: =COUNTIFS('05_NangLuc'!$E$2:$E$1038,">="&-1.0,'05_NangLuc'!$E$2:$E$1038,"<"&-0.5) | Z12: =COUNTIFS('04_Item'!$F$2:$F$49,">="&-1.0,'04_Item'!$F$2:$F$49,"<"&-0.5) | AA12: =1/(1+EXP(-($A12-'03_Lap_b'!S$45))) | AB12: =1/(1+EXP(-($A12-'03_Lap_b'!T$45))) | AC12: =1/(1+EXP(-($A12-'03_Lap_b'!U$45))) | AD12: =1/(1+EXP(-($A12-'03_Lap_b'!V$45))) | AE12: =1/(1+EXP(-($A12-'03_Lap_b'!W$45))) | AF12: =1/(1+EXP(-($A12-'03_Lap_b'!X$45))) | AG12: =1/(1+EXP(-($A12-'03_Lap_b'!Y$45))) | AH12: =1/(1+EXP(-($A12-'03_Lap_b'!Z$45))) | ... BE12: =1/(1+EXP(-($A12-'03_Lap_b'!AW$45)))
A13: -2 | B13: =SUMPRODUCT(J13:BE13*(1-J13:BE13)) | C13: =R13 | D13: =J13 | E13: =AH13 | F13: =AQ13 | G13: =AE13 | H13: =AG13 | I13: =SUM(J13:BE13) | J13: =1/(1+EXP(-($A13-'03_Lap_b'!B$45))) | K13: =1/(1+EXP(-($A13-'03_Lap_b'!C$45))) | L13: =1/(1+EXP(-($A13-'03_Lap_b'!D$45))) | M13: =1/(1+EXP(-($A13-'03_Lap_b'!E$45))) | N13: =1/(1+EXP(-($A13-'03_Lap_b'!F$45))) | O13: =1/(1+EXP(-($A13-'03_Lap_b'!G$45))) | P13: =1/(1+EXP(-($A13-'03_Lap_b'!H$45))) | Q13: =1/(1+EXP(-($A13-'03_Lap_b'!I$45))) | ... W13: =1/(1+EXP(-($A13-'03_Lap_b'!O$45))) | X13: [-0.5, 0.0) | Y13: =COUNTIFS('05_NangLuc'!$E$2:$E$1038,">="&-0.5,'05_NangLuc'!$E$2:$E$1038,"<"&0.0) | Z13: =COUNTIFS('04_Item'!$F$2:$F$49,">="&-0.5,'04_Item'!$F$2:$F$49,"<"&0.0) | AA13: =1/(1+EXP(-($A13-'03_Lap_b'!S$45))) | AB13: =1/(1+EXP(-($A13-'03_Lap_b'!T$45))) | AC13: =1/(1+EXP(-($A13-'03_Lap_b'!U$45))) | AD13: =1/(1+EXP(-($A13-'03_Lap_b'!V$45))) | AE13: =1/(1+EXP(-($A13-'03_Lap_b'!W$45))) | AF13: =1/(1+EXP(-($A13-'03_Lap_b'!X$45))) | AG13: =1/(1+EXP(-($A13-'03_Lap_b'!Y$45))) | AH13: =1/(1+EXP(-($A13-'03_Lap_b'!Z$45))) | ... BE13: =1/(1+EXP(-($A13-'03_Lap_b'!AW$45)))
A14: -1.8 | B14: =SUMPRODUCT(J14:BE14*(1-J14:BE14)) | C14: =R14 | D14: =J14 | E14: =AH14 | F14: =AQ14 | G14: =AE14 | H14: =AG14 | I14: =SUM(J14:BE14) | J14: =1/(1+EXP(-($A14-'03_Lap_b'!B$45))) | K14: =1/(1+EXP(-($A14-'03_Lap_b'!C$45))) | L14: =1/(1+EXP(-($A14-'03_Lap_b'!D$45))) | M14: =1/(1+EXP(-($A14-'03_Lap_b'!E$45))) | N14: =1/(1+EXP(-($A14-'03_Lap_b'!F$45))) | O14: =1/(1+EXP(-($A14-'03_Lap_b'!G$45))) | P14: =1/(1+EXP(-($A14-'03_Lap_b'!H$45))) | Q14: =1/(1+EXP(-($A14-'03_Lap_b'!I$45))) | ... W14: =1/(1+EXP(-($A14-'03_Lap_b'!O$45))) | X14: [0.0, 0.5) | Y14: =COUNTIFS('05_NangLuc'!$E$2:$E$1038,">="&0.0,'05_NangLuc'!$E$2:$E$1038,"<"&0.5) | Z14: =COUNTIFS('04_Item'!$F$2:$F$49,">="&0.0,'04_Item'!$F$2:$F$49,"<"&0.5) | AA14: =1/(1+EXP(-($A14-'03_Lap_b'!S$45))) | AB14: =1/(1+EXP(-($A14-'03_Lap_b'!T$45))) | AC14: =1/(1+EXP(-($A14-'03_Lap_b'!U$45))) | AD14: =1/(1+EXP(-($A14-'03_Lap_b'!V$45))) | AE14: =1/(1+EXP(-($A14-'03_Lap_b'!W$45))) | AF14: =1/(1+EXP(-($A14-'03_Lap_b'!X$45))) | AG14: =1/(1+EXP(-($A14-'03_Lap_b'!Y$45))) | AH14: =1/(1+EXP(-($A14-'03_Lap_b'!Z$45))) | ... BE14: =1/(1+EXP(-($A14-'03_Lap_b'!AW$45)))
A15: -1.6 | B15: =SUMPRODUCT(J15:BE15*(1-J15:BE15)) | C15: =R15 | D15: =J15 | E15: =AH15 | F15: =AQ15 | G15: =AE15 | H15: =AG15 | I15: =SUM(J15:BE15) | J15: =1/(1+EXP(-($A15-'03_Lap_b'!B$45))) | K15: =1/(1+EXP(-($A15-'03_Lap_b'!C$45))) | L15: =1/(1+EXP(-($A15-'03_Lap_b'!D$45))) | M15: =1/(1+EXP(-($A15-'03_Lap_b'!E$45))) | N15: =1/(1+EXP(-($A15-'03_Lap_b'!F$45))) | O15: =1/(1+EXP(-($A15-'03_Lap_b'!G$45))) | P15: =1/(1+EXP(-($A15-'03_Lap_b'!H$45))) | Q15: =1/(1+EXP(-($A15-'03_Lap_b'!I$45))) | ... W15: =1/(1+EXP(-($A15-'03_Lap_b'!O$45))) | X15: [0.5, 1.0) | Y15: =COUNTIFS('05_NangLuc'!$E$2:$E$1038,">="&0.5,'05_NangLuc'!$E$2:$E$1038,"<"&1.0) | Z15: =COUNTIFS('04_Item'!$F$2:$F$49,">="&0.5,'04_Item'!$F$2:$F$49,"<"&1.0) | AA15: =1/(1+EXP(-($A15-'03_Lap_b'!S$45))) | AB15: =1/(1+EXP(-($A15-'03_Lap_b'!T$45))) | AC15: =1/(1+EXP(-($A15-'03_Lap_b'!U$45))) | AD15: =1/(1+EXP(-($A15-'03_Lap_b'!V$45))) | AE15: =1/(1+EXP(-($A15-'03_Lap_b'!W$45))) | AF15: =1/(1+EXP(-($A15-'03_Lap_b'!X$45))) | AG15: =1/(1+EXP(-($A15-'03_Lap_b'!Y$45))) | AH15: =1/(1+EXP(-($A15-'03_Lap_b'!Z$45))) | ... BE15: =1/(1+EXP(-($A15-'03_Lap_b'!AW$45)))
A16: -1.4 | B16: =SUMPRODUCT(J16:BE16*(1-J16:BE16)) | C16: =R16 | D16: =J16 | E16: =AH16 | F16: =AQ16 | G16: =AE16 | H16: =AG16 | I16: =SUM(J16:BE16) | J16: =1/(1+EXP(-($A16-'03_Lap_b'!B$45))) | K16: =1/(1+EXP(-($A16-'03_Lap_b'!C$45))) | L16: =1/(1+EXP(-($A16-'03_Lap_b'!D$45))) | M16: =1/(1+EXP(-($A16-'03_Lap_b'!E$45))) | N16: =1/(1+EXP(-($A16-'03_Lap_b'!F$45))) | O16: =1/(1+EXP(-($A16-'03_Lap_b'!G$45))) | P16: =1/(1+EXP(-($A16-'03_Lap_b'!H$45))) | Q16: =1/(1+EXP(-($A16-'03_Lap_b'!I$45))) | ... W16: =1/(1+EXP(-($A16-'03_Lap_b'!O$45))) | X16: [1.0, 1.5) | Y16: =COUNTIFS('05_NangLuc'!$E$2:$E$1038,">="&1.0,'05_NangLuc'!$E$2:$E$1038,"<"&1.5) | Z16: =COUNTIFS('04_Item'!$F$2:$F$49,">="&1.0,'04_Item'!$F$2:$F$49,"<"&1.5) | AA16: =1/(1+EXP(-($A16-'03_Lap_b'!S$45))) | AB16: =1/(1+EXP(-($A16-'03_Lap_b'!T$45))) | AC16: =1/(1+EXP(-($A16-'03_Lap_b'!U$45))) | AD16: =1/(1+EXP(-($A16-'03_Lap_b'!V$45))) | AE16: =1/(1+EXP(-($A16-'03_Lap_b'!W$45))) | AF16: =1/(1+EXP(-($A16-'03_Lap_b'!X$45))) | AG16: =1/(1+EXP(-($A16-'03_Lap_b'!Y$45))) | AH16: =1/(1+EXP(-($A16-'03_Lap_b'!Z$45))) | ... BE16: =1/(1+EXP(-($A16-'03_Lap_b'!AW$45)))
A17: -1.2 | B17: =SUMPRODUCT(J17:BE17*(1-J17:BE17)) | C17: =R17 | D17: =J17 | E17: =AH17 | F17: =AQ17 | G17: =AE17 | H17: =AG17 | I17: =SUM(J17:BE17) | J17: =1/(1+EXP(-($A17-'03_Lap_b'!B$45))) | K17: =1/(1+EXP(-($A17-'03_Lap_b'!C$45))) | L17: =1/(1+EXP(-($A17-'03_Lap_b'!D$45))) | M17: =1/(1+EXP(-($A17-'03_Lap_b'!E$45))) | N17: =1/(1+EXP(-($A17-'03_Lap_b'!F$45))) | O17: =1/(1+EXP(-($A17-'03_Lap_b'!G$45))) | P17: =1/(1+EXP(-($A17-'03_Lap_b'!H$45))) | Q17: =1/(1+EXP(-($A17-'03_Lap_b'!I$45))) | ... W17: =1/(1+EXP(-($A17-'03_Lap_b'!O$45))) | X17: [1.5, 2.0) | Y17: =COUNTIFS('05_NangLuc'!$E$2:$E$1038,">="&1.5,'05_NangLuc'!$E$2:$E$1038,"<"&2.0) | Z17: =COUNTIFS('04_Item'!$F$2:$F$49,">="&1.5,'04_Item'!$F$2:$F$49,"<"&2.0) | AA17: =1/(1+EXP(-($A17-'03_Lap_b'!S$45))) | AB17: =1/(1+EXP(-($A17-'03_Lap_b'!T$45))) | AC17: =1/(1+EXP(-($A17-'03_Lap_b'!U$45))) | AD17: =1/(1+EXP(-($A17-'03_Lap_b'!V$45))) | AE17: =1/(1+EXP(-($A17-'03_Lap_b'!W$45))) | AF17: =1/(1+EXP(-($A17-'03_Lap_b'!X$45))) | AG17: =1/(1+EXP(-($A17-'03_Lap_b'!Y$45))) | AH17: =1/(1+EXP(-($A17-'03_Lap_b'!Z$45))) | ... BE17: =1/(1+EXP(-($A17-'03_Lap_b'!AW$45)))
A18: -1 | B18: =SUMPRODUCT(J18:BE18*(1-J18:BE18)) | C18: =R18 | D18: =J18 | E18: =AH18 | F18: =AQ18 | G18: =AE18 | H18: =AG18 | I18: =SUM(J18:BE18) | J18: =1/(1+EXP(-($A18-'03_Lap_b'!B$45))) | K18: =1/(1+EXP(-($A18-'03_Lap_b'!C$45))) | L18: =1/(1+EXP(-($A18-'03_Lap_b'!D$45))) | M18: =1/(1+EXP(-($A18-'03_Lap_b'!E$45))) | N18: =1/(1+EXP(-($A18-'03_Lap_b'!F$45))) | O18: =1/(1+EXP(-($A18-'03_Lap_b'!G$45))) | P18: =1/(1+EXP(-($A18-'03_Lap_b'!H$45))) | Q18: =1/(1+EXP(-($A18-'03_Lap_b'!I$45))) | ... W18: =1/(1+EXP(-($A18-'03_Lap_b'!O$45))) | X18: [2.0, 2.5) | Y18: =COUNTIFS('05_NangLuc'!$E$2:$E$1038,">="&2.0,'05_NangLuc'!$E$2:$E$1038,"<"&2.5) | Z18: =COUNTIFS('04_Item'!$F$2:$F$49,">="&2.0,'04_Item'!$F$2:$F$49,"<"&2.5) | AA18: =1/(1+EXP(-($A18-'03_Lap_b'!S$45))) | AB18: =1/(1+EXP(-($A18-'03_Lap_b'!T$45))) | AC18: =1/(1+EXP(-($A18-'03_Lap_b'!U$45))) | AD18: =1/(1+EXP(-($A18-'03_Lap_b'!V$45))) | AE18: =1/(1+EXP(-($A18-'03_Lap_b'!W$45))) | AF18: =1/(1+EXP(-($A18-'03_Lap_b'!X$45))) | AG18: =1/(1+EXP(-($A18-'03_Lap_b'!Y$45))) | AH18: =1/(1+EXP(-($A18-'03_Lap_b'!Z$45))) | ... BE18: =1/(1+EXP(-($A18-'03_Lap_b'!AW$45)))
A19: -0.8 | B19: =SUMPRODUCT(J19:BE19*(1-J19:BE19)) | C19: =R19 | D19: =J19 | E19: =AH19 | F19: =AQ19 | G19: =AE19 | H19: =AG19 | I19: =SUM(J19:BE19) | J19: =1/(1+EXP(-($A19-'03_Lap_b'!B$45))) | K19: =1/(1+EXP(-($A19-'03_Lap_b'!C$45))) | L19: =1/(1+EXP(-($A19-'03_Lap_b'!D$45))) | M19: =1/(1+EXP(-($A19-'03_Lap_b'!E$45))) | N19: =1/(1+EXP(-($A19-'03_Lap_b'!F$45))) | O19: =1/(1+EXP(-($A19-'03_Lap_b'!G$45))) | P19: =1/(1+EXP(-($A19-'03_Lap_b'!H$45))) | Q19: =1/(1+EXP(-($A19-'03_Lap_b'!I$45))) | ... W19: =1/(1+EXP(-($A19-'03_Lap_b'!O$45))) | X19: [2.5, 3.0) | Y19: =COUNTIFS('05_NangLuc'!$E$2:$E$1038,">="&2.5,'05_NangLuc'!$E$2:$E$1038,"<"&3.0) | Z19: =COUNTIFS('04_Item'!$F$2:$F$49,">="&2.5,'04_Item'!$F$2:$F$49,"<"&3.0) | AA19: =1/(1+EXP(-($A19-'03_Lap_b'!S$45))) | AB19: =1/(1+EXP(-($A19-'03_Lap_b'!T$45))) | AC19: =1/(1+EXP(-($A19-'03_Lap_b'!U$45))) | AD19: =1/(1+EXP(-($A19-'03_Lap_b'!V$45))) | AE19: =1/(1+EXP(-($A19-'03_Lap_b'!W$45))) | AF19: =1/(1+EXP(-($A19-'03_Lap_b'!X$45))) | AG19: =1/(1+EXP(-($A19-'03_Lap_b'!Y$45))) | AH19: =1/(1+EXP(-($A19-'03_Lap_b'!Z$45))) | ... BE19: =1/(1+EXP(-($A19-'03_Lap_b'!AW$45)))
A20: -0.6 | B20: =SUMPRODUCT(J20:BE20*(1-J20:BE20)) | C20: =R20 | D20: =J20 | E20: =AH20 | F20: =AQ20 | G20: =AE20 | H20: =AG20 | I20: =SUM(J20:BE20) | J20: =1/(1+EXP(-($A20-'03_Lap_b'!B$45))) | K20: =1/(1+EXP(-($A20-'03_Lap_b'!C$45))) | L20: =1/(1+EXP(-($A20-'03_Lap_b'!D$45))) | M20: =1/(1+EXP(-($A20-'03_Lap_b'!E$45))) | N20: =1/(1+EXP(-($A20-'03_Lap_b'!F$45))) | O20: =1/(1+EXP(-($A20-'03_Lap_b'!G$45))) | P20: =1/(1+EXP(-($A20-'03_Lap_b'!H$45))) | Q20: =1/(1+EXP(-($A20-'03_Lap_b'!I$45))) | ... W20: =1/(1+EXP(-($A20-'03_Lap_b'!O$45))) | X20: [3.0, 3.5) | Y20: =COUNTIFS('05_NangLuc'!$E$2:$E$1038,">="&3.0,'05_NangLuc'!$E$2:$E$1038,"<"&3.5) | Z20: =COUNTIFS('04_Item'!$F$2:$F$49,">="&3.0,'04_Item'!$F$2:$F$49,"<"&3.5) | AA20: =1/(1+EXP(-($A20-'03_Lap_b'!S$45))) | AB20: =1/(1+EXP(-($A20-'03_Lap_b'!T$45))) | AC20: =1/(1+EXP(-($A20-'03_Lap_b'!U$45))) | AD20: =1/(1+EXP(-($A20-'03_Lap_b'!V$45))) | AE20: =1/(1+EXP(-($A20-'03_Lap_b'!W$45))) | AF20: =1/(1+EXP(-($A20-'03_Lap_b'!X$45))) | AG20: =1/(1+EXP(-($A20-'03_Lap_b'!Y$45))) | AH20: =1/(1+EXP(-($A20-'03_Lap_b'!Z$45))) | ... BE20: =1/(1+EXP(-($A20-'03_Lap_b'!AW$45)))
A21: -0.4 | B21: =SUMPRODUCT(J21:BE21*(1-J21:BE21)) | C21: =R21 | D21: =J21 | E21: =AH21 | F21: =AQ21 | G21: =AE21 | H21: =AG21 | I21: =SUM(J21:BE21) | J21: =1/(1+EXP(-($A21-'03_Lap_b'!B$45))) | K21: =1/(1+EXP(-($A21-'03_Lap_b'!C$45))) | L21: =1/(1+EXP(-($A21-'03_Lap_b'!D$45))) | M21: =1/(1+EXP(-($A21-'03_Lap_b'!E$45))) | N21: =1/(1+EXP(-($A21-'03_Lap_b'!F$45))) | O21: =1/(1+EXP(-($A21-'03_Lap_b'!G$45))) | P21: =1/(1+EXP(-($A21-'03_Lap_b'!H$45))) | Q21: =1/(1+EXP(-($A21-'03_Lap_b'!I$45))) | ... W21: =1/(1+EXP(-($A21-'03_Lap_b'!O$45))) | X21: [3.5, 4.0) | Y21: =COUNTIFS('05_NangLuc'!$E$2:$E$1038,">="&3.5,'05_NangLuc'!$E$2:$E$1038,"<"&4.0) | Z21: =COUNTIFS('04_Item'!$F$2:$F$49,">="&3.5,'04_Item'!$F$2:$F$49,"<"&4.0) | AA21: =1/(1+EXP(-($A21-'03_Lap_b'!S$45))) | AB21: =1/(1+EXP(-($A21-'03_Lap_b'!T$45))) | AC21: =1/(1+EXP(-($A21-'03_Lap_b'!U$45))) | AD21: =1/(1+EXP(-($A21-'03_Lap_b'!V$45))) | AE21: =1/(1+EXP(-($A21-'03_Lap_b'!W$45))) | AF21: =1/(1+EXP(-($A21-'03_Lap_b'!X$45))) | AG21: =1/(1+EXP(-($A21-'03_Lap_b'!Y$45))) | AH21: =1/(1+EXP(-($A21-'03_Lap_b'!Z$45))) | ... BE21: =1/(1+EXP(-($A21-'03_Lap_b'!AW$45)))
A22: -0.2 | B22: =SUMPRODUCT(J22:BE22*(1-J22:BE22)) | C22: =R22 | D22: =J22 | E22: =AH22 | F22: =AQ22 | G22: =AE22 | H22: =AG22 | I22: =SUM(J22:BE22) | J22: =1/(1+EXP(-($A22-'03_Lap_b'!B$45))) | K22: =1/(1+EXP(-($A22-'03_Lap_b'!C$45))) | L22: =1/(1+EXP(-($A22-'03_Lap_b'!D$45))) | M22: =1/(1+EXP(-($A22-'03_Lap_b'!E$45))) | N22: =1/(1+EXP(-($A22-'03_Lap_b'!F$45))) | O22: =1/(1+EXP(-($A22-'03_Lap_b'!G$45))) | P22: =1/(1+EXP(-($A22-'03_Lap_b'!H$45))) | Q22: =1/(1+EXP(-($A22-'03_Lap_b'!I$45))) | ... W22: =1/(1+EXP(-($A22-'03_Lap_b'!O$45))) | X22: [4.0, 4.5) | Y22: =COUNTIFS('05_NangLuc'!$E$2:$E$1038,">="&4.0,'05_NangLuc'!$E$2:$E$1038,"<"&4.5) | Z22: =COUNTIFS('04_Item'!$F$2:$F$49,">="&4.0,'04_Item'!$F$2:$F$49,"<"&4.5) | AA22: =1/(1+EXP(-($A22-'03_Lap_b'!S$45))) | AB22: =1/(1+EXP(-($A22-'03_Lap_b'!T$45))) | AC22: =1/(1+EXP(-($A22-'03_Lap_b'!U$45))) | AD22: =1/(1+EXP(-($A22-'03_Lap_b'!V$45))) | AE22: =1/(1+EXP(-($A22-'03_Lap_b'!W$45))) | AF22: =1/(1+EXP(-($A22-'03_Lap_b'!X$45))) | AG22: =1/(1+EXP(-($A22-'03_Lap_b'!Y$45))) | AH22: =1/(1+EXP(-($A22-'03_Lap_b'!Z$45))) | ... BE22: =1/(1+EXP(-($A22-'03_Lap_b'!AW$45)))
A23: 0 | B23: =SUMPRODUCT(J23:BE23*(1-J23:BE23)) | C23: =R23 | D23: =J23 | E23: =AH23 | F23: =AQ23 | G23: =AE23 | H23: =AG23 | I23: =SUM(J23:BE23) | J23: =1/(1+EXP(-($A23-'03_Lap_b'!B$45))) | K23: =1/(1+EXP(-($A23-'03_Lap_b'!C$45))) | L23: =1/(1+EXP(-($A23-'03_Lap_b'!D$45))) | M23: =1/(1+EXP(-($A23-'03_Lap_b'!E$45))) | N23: =1/(1+EXP(-($A23-'03_Lap_b'!F$45))) | O23: =1/(1+EXP(-($A23-'03_Lap_b'!G$45))) | P23: =1/(1+EXP(-($A23-'03_Lap_b'!H$45))) | Q23: =1/(1+EXP(-($A23-'03_Lap_b'!I$45))) | ... W23: =1/(1+EXP(-($A23-'03_Lap_b'!O$45))) | X23: [4.5, 5.0) | Y23: =COUNTIFS('05_NangLuc'!$E$2:$E$1038,">="&4.5,'05_NangLuc'!$E$2:$E$1038,"<"&5.0) | Z23: =COUNTIFS('04_Item'!$F$2:$F$49,">="&4.5,'04_Item'!$F$2:$F$49,"<"&5.0) | AA23: =1/(1+EXP(-($A23-'03_Lap_b'!S$45))) | AB23: =1/(1+EXP(-($A23-'03_Lap_b'!T$45))) | AC23: =1/(1+EXP(-($A23-'03_Lap_b'!U$45))) | AD23: =1/(1+EXP(-($A23-'03_Lap_b'!V$45))) | AE23: =1/(1+EXP(-($A23-'03_Lap_b'!W$45))) | AF23: =1/(1+EXP(-($A23-'03_Lap_b'!X$45))) | AG23: =1/(1+EXP(-($A23-'03_Lap_b'!Y$45))) | AH23: =1/(1+EXP(-($A23-'03_Lap_b'!Z$45))) | ... BE23: =1/(1+EXP(-($A23-'03_Lap_b'!AW$45)))
A24: 0.2 | B24: =SUMPRODUCT(J24:BE24*(1-J24:BE24)) | C24: =R24 | D24: =J24 | E24: =AH24 | F24: =AQ24 | G24: =AE24 | H24: =AG24 | I24: =SUM(J24:BE24) | J24: =1/(1+EXP(-($A24-'03_Lap_b'!B$45))) | K24: =1/(1+EXP(-($A24-'03_Lap_b'!C$45))) | L24: =1/(1+EXP(-($A24-'03_Lap_b'!D$45))) | M24: =1/(1+EXP(-($A24-'03_Lap_b'!E$45))) | N24: =1/(1+EXP(-($A24-'03_Lap_b'!F$45))) | O24: =1/(1+EXP(-($A24-'03_Lap_b'!G$45))) | P24: =1/(1+EXP(-($A24-'03_Lap_b'!H$45))) | Q24: =1/(1+EXP(-($A24-'03_Lap_b'!I$45))) | ... BE24: =1/(1+EXP(-($A24-'03_Lap_b'!AW$45)))
A25: 0.4 | B25: =SUMPRODUCT(J25:BE25*(1-J25:BE25)) | C25: =R25 | D25: =J25 | E25: =AH25 | F25: =AQ25 | G25: =AE25 | H25: =AG25 | I25: =SUM(J25:BE25) | J25: =1/(1+EXP(-($A25-'03_Lap_b'!B$45))) | K25: =1/(1+EXP(-($A25-'03_Lap_b'!C$45))) | L25: =1/(1+EXP(-($A25-'03_Lap_b'!D$45))) | M25: =1/(1+EXP(-($A25-'03_Lap_b'!E$45))) | N25: =1/(1+EXP(-($A25-'03_Lap_b'!F$45))) | O25: =1/(1+EXP(-($A25-'03_Lap_b'!G$45))) | P25: =1/(1+EXP(-($A25-'03_Lap_b'!H$45))) | Q25: =1/(1+EXP(-($A25-'03_Lap_b'!I$45))) | ... BE25: =1/(1+EXP(-($A25-'03_Lap_b'!AW$45)))
A26: 0.6 | B26: =SUMPRODUCT(J26:BE26*(1-J26:BE26)) | C26: =R26 | D26: =J26 | E26: =AH26 | F26: =AQ26 | G26: =AE26 | H26: =AG26 | I26: =SUM(J26:BE26) | J26: =1/(1+EXP(-($A26-'03_Lap_b'!B$45))) | K26: =1/(1+EXP(-($A26-'03_Lap_b'!C$45))) | L26: =1/(1+EXP(-($A26-'03_Lap_b'!D$45))) | M26: =1/(1+EXP(-($A26-'03_Lap_b'!E$45))) | N26: =1/(1+EXP(-($A26-'03_Lap_b'!F$45))) | O26: =1/(1+EXP(-($A26-'03_Lap_b'!G$45))) | P26: =1/(1+EXP(-($A26-'03_Lap_b'!H$45))) | Q26: =1/(1+EXP(-($A26-'03_Lap_b'!I$45))) | ... BE26: =1/(1+EXP(-($A26-'03_Lap_b'!AW$45)))
A27: 0.8 | B27: =SUMPRODUCT(J27:BE27*(1-J27:BE27)) | C27: =R27 | D27: =J27 | E27: =AH27 | F27: =AQ27 | G27: =AE27 | H27: =AG27 | I27: =SUM(J27:BE27) | J27: =1/(1+EXP(-($A27-'03_Lap_b'!B$45))) | K27: =1/(1+EXP(-($A27-'03_Lap_b'!C$45))) | L27: =1/(1+EXP(-($A27-'03_Lap_b'!D$45))) | M27: =1/(1+EXP(-($A27-'03_Lap_b'!E$45))) | N27: =1/(1+EXP(-($A27-'03_Lap_b'!F$45))) | O27: =1/(1+EXP(-($A27-'03_Lap_b'!G$45))) | P27: =1/(1+EXP(-($A27-'03_Lap_b'!H$45))) | Q27: =1/(1+EXP(-($A27-'03_Lap_b'!I$45))) | ... BE27: =1/(1+EXP(-($A27-'03_Lap_b'!AW$45)))
A28: 1 | B28: =SUMPRODUCT(J28:BE28*(1-J28:BE28)) | C28: =R28 | D28: =J28 | E28: =AH28 | F28: =AQ28 | G28: =AE28 | H28: =AG28 | I28: =SUM(J28:BE28) | J28: =1/(1+EXP(-($A28-'03_Lap_b'!B$45))) | K28: =1/(1+EXP(-($A28-'03_Lap_b'!C$45))) | L28: =1/(1+EXP(-($A28-'03_Lap_b'!D$45))) | M28: =1/(1+EXP(-($A28-'03_Lap_b'!E$45))) | N28: =1/(1+EXP(-($A28-'03_Lap_b'!F$45))) | O28: =1/(1+EXP(-($A28-'03_Lap_b'!G$45))) | P28: =1/(1+EXP(-($A28-'03_Lap_b'!H$45))) | Q28: =1/(1+EXP(-($A28-'03_Lap_b'!I$45))) | ... BE28: =1/(1+EXP(-($A28-'03_Lap_b'!AW$45)))
A29: 1.2 | B29: =SUMPRODUCT(J29:BE29*(1-J29:BE29)) | C29: =R29 | D29: =J29 | E29: =AH29 | F29: =AQ29 | G29: =AE29 | H29: =AG29 | I29: =SUM(J29:BE29) | J29: =1/(1+EXP(-($A29-'03_Lap_b'!B$45))) | K29: =1/(1+EXP(-($A29-'03_Lap_b'!C$45))) | L29: =1/(1+EXP(-($A29-'03_Lap_b'!D$45))) | M29: =1/(1+EXP(-($A29-'03_Lap_b'!E$45))) | N29: =1/(1+EXP(-($A29-'03_Lap_b'!F$45))) | O29: =1/(1+EXP(-($A29-'03_Lap_b'!G$45))) | P29: =1/(1+EXP(-($A29-'03_Lap_b'!H$45))) | Q29: =1/(1+EXP(-($A29-'03_Lap_b'!I$45))) | ... BE29: =1/(1+EXP(-($A29-'03_Lap_b'!AW$45)))
A30: 1.4 | B30: =SUMPRODUCT(J30:BE30*(1-J30:BE30)) | C30: =R30 | D30: =J30 | E30: =AH30 | F30: =AQ30 | G30: =AE30 | H30: =AG30 | I30: =SUM(J30:BE30) | J30: =1/(1+EXP(-($A30-'03_Lap_b'!B$45))) | K30: =1/(1+EXP(-($A30-'03_Lap_b'!C$45))) | L30: =1/(1+EXP(-($A30-'03_Lap_b'!D$45))) | M30: =1/(1+EXP(-($A30-'03_Lap_b'!E$45))) | N30: =1/(1+EXP(-($A30-'03_Lap_b'!F$45))) | O30: =1/(1+EXP(-($A30-'03_Lap_b'!G$45))) | P30: =1/(1+EXP(-($A30-'03_Lap_b'!H$45))) | Q30: =1/(1+EXP(-($A30-'03_Lap_b'!I$45))) | ... BE30: =1/(1+EXP(-($A30-'03_Lap_b'!AW$45)))
A31: 1.6 | B31: =SUMPRODUCT(J31:BE31*(1-J31:BE31)) | C31: =R31 | D31: =J31 | E31: =AH31 | F31: =AQ31 | G31: =AE31 | H31: =AG31 | I31: =SUM(J31:BE31) | J31: =1/(1+EXP(-($A31-'03_Lap_b'!B$45))) | K31: =1/(1+EXP(-($A31-'03_Lap_b'!C$45))) | L31: =1/(1+EXP(-($A31-'03_Lap_b'!D$45))) | M31: =1/(1+EXP(-($A31-'03_Lap_b'!E$45))) | N31: =1/(1+EXP(-($A31-'03_Lap_b'!F$45))) | O31: =1/(1+EXP(-($A31-'03_Lap_b'!G$45))) | P31: =1/(1+EXP(-($A31-'03_Lap_b'!H$45))) | Q31: =1/(1+EXP(-($A31-'03_Lap_b'!I$45))) | ... BE31: =1/(1+EXP(-($A31-'03_Lap_b'!AW$45)))
A32: 1.8 | B32: =SUMPRODUCT(J32:BE32*(1-J32:BE32)) | C32: =R32 | D32: =J32 | E32: =AH32 | F32: =AQ32 | G32: =AE32 | H32: =AG32 | I32: =SUM(J32:BE32) | J32: =1/(1+EXP(-($A32-'03_Lap_b'!B$45))) | K32: =1/(1+EXP(-($A32-'03_Lap_b'!C$45))) | L32: =1/(1+EXP(-($A32-'03_Lap_b'!D$45))) | M32: =1/(1+EXP(-($A32-'03_Lap_b'!E$45))) | N32: =1/(1+EXP(-($A32-'03_Lap_b'!F$45))) | O32: =1/(1+EXP(-($A32-'03_Lap_b'!G$45))) | P32: =1/(1+EXP(-($A32-'03_Lap_b'!H$45))) | Q32: =1/(1+EXP(-($A32-'03_Lap_b'!I$45))) | ... BE32: =1/(1+EXP(-($A32-'03_Lap_b'!AW$45)))
A33: 2 | B33: =SUMPRODUCT(J33:BE33*(1-J33:BE33)) | C33: =R33 | D33: =J33 | E33: =AH33 | F33: =AQ33 | G33: =AE33 | H33: =AG33 | I33: =SUM(J33:BE33) | J33: =1/(1+EXP(-($A33-'03_Lap_b'!B$45))) | K33: =1/(1+EXP(-($A33-'03_Lap_b'!C$45))) | L33: =1/(1+EXP(-($A33-'03_Lap_b'!D$45))) | M33: =1/(1+EXP(-($A33-'03_Lap_b'!E$45))) | N33: =1/(1+EXP(-($A33-'03_Lap_b'!F$45))) | O33: =1/(1+EXP(-($A33-'03_Lap_b'!G$45))) | P33: =1/(1+EXP(-($A33-'03_Lap_b'!H$45))) | Q33: =1/(1+EXP(-($A33-'03_Lap_b'!I$45))) | ... BE33: =1/(1+EXP(-($A33-'03_Lap_b'!AW$45)))
A34: 2.2 | B34: =SUMPRODUCT(J34:BE34*(1-J34:BE34)) | C34: =R34 | D34: =J34 | E34: =AH34 | F34: =AQ34 | G34: =AE34 | H34: =AG34 | I34: =SUM(J34:BE34) | J34: =1/(1+EXP(-($A34-'03_Lap_b'!B$45))) | K34: =1/(1+EXP(-($A34-'03_Lap_b'!C$45))) | L34: =1/(1+EXP(-($A34-'03_Lap_b'!D$45))) | M34: =1/(1+EXP(-($A34-'03_Lap_b'!E$45))) | N34: =1/(1+EXP(-($A34-'03_Lap_b'!F$45))) | O34: =1/(1+EXP(-($A34-'03_Lap_b'!G$45))) | P34: =1/(1+EXP(-($A34-'03_Lap_b'!H$45))) | Q34: =1/(1+EXP(-($A34-'03_Lap_b'!I$45))) | ... BE34: =1/(1+EXP(-($A34-'03_Lap_b'!AW$45)))
A35: 2.4 | B35: =SUMPRODUCT(J35:BE35*(1-J35:BE35)) | C35: =R35 | D35: =J35 | E35: =AH35 | F35: =AQ35 | G35: =AE35 | H35: =AG35 | I35: =SUM(J35:BE35) | J35: =1/(1+EXP(-($A35-'03_Lap_b'!B$45))) | K35: =1/(1+EXP(-($A35-'03_Lap_b'!C$45))) | L35: =1/(1+EXP(-($A35-'03_Lap_b'!D$45))) | M35: =1/(1+EXP(-($A35-'03_Lap_b'!E$45))) | N35: =1/(1+EXP(-($A35-'03_Lap_b'!F$45))) | O35: =1/(1+EXP(-($A35-'03_Lap_b'!G$45))) | P35: =1/(1+EXP(-($A35-'03_Lap_b'!H$45))) | Q35: =1/(1+EXP(-($A35-'03_Lap_b'!I$45))) | ... BE35: =1/(1+EXP(-($A35-'03_Lap_b'!AW$45)))
... A43: 4 | B43: =SUMPRODUCT(J43:BE43*(1-J43:BE43)) | C43: =R43 | D43: =J43 | E43: =AH43 | F43: =AQ43 | G43: =AE43 | H43: =AG43 | I43: =SUM(J43:BE43) | J43: =1/(1+EXP(-($A43-'03_Lap_b'!B$45))) | K43: =1/(1+EXP(-($A43-'03_Lap_b'!C$45))) | L43: =1/(1+EXP(-($A43-'03_Lap_b'!D$45))) | M43: =1/(1+EXP(-($A43-'03_Lap_b'!E$45))) | N43: =1/(1+EXP(-($A43-'03_Lap_b'!F$45))) | O43: =1/(1+EXP(-($A43-'03_Lap_b'!G$45))) | P43: =1/(1+EXP(-($A43-'03_Lap_b'!H$45))) | Q43: =1/(1+EXP(-($A43-'03_Lap_b'!I$45))) | ... BE43: =1/(1+EXP(-($A43-'03_Lap_b'!AW$45)))

Sheet 07_DoiChieu_mirt
A1: ĐỐI CHIẾU EXCEL (JMLE) ↔ mirt (MMLE)
A3: qid | B3: Câu | C3: Dữ liệu | D3: b (Excel) | E3: b (mirt) | F3: |chênh| | J3: iduser | K3: θ (Excel) | L3: θ (mirt)
A4: 208493209536 | B4: Câu 1 MC | C4: đầy đủ | D4: ='04_Item'!F2 | E4: -1.6378 | F4: =ABS(D4-E4) | J4: 15540277583874 | K4: ='05_NangLuc'!E2 | L4: -1.9334
A5: 208493412207 | B5: Câu 2 MC | C5: đầy đủ | D5: ='04_Item'!F3 | E5: 0.3271 | F5: =ABS(D5-E5) | J5: 15764388581922 | K5: ='05_NangLuc'!E3 | L5: 1.0382
A6: 208493634375 | B6: Câu 3 MC | C6: đầy đủ | D6: ='04_Item'!F4 | E6: -0.4159 | F6: =ABS(D6-E6) | J6: 15764389367618 | K6: ='05_NangLuc'!E4 | L6: 1.621
A7: 208493806712 | B7: Câu 4 MC | C7: đầy đủ | D7: ='04_Item'!F5 | E7: -0.7807 | F7: =ABS(D7-E7) | J7: 15764389862692 | K7: ='05_NangLuc'!E5 | L7: 0.8725
A8: 208494503646 | B8: Câu 5 MC | C8: đầy đủ | D8: ='04_Item'!F6 | E8: -1.0141 | F8: =ABS(D8-E8) | J8: 15764390159150 | K8: ='05_NangLuc'!E6 | L8: 0.5075
A9: 208495066643 | B9: Câu 6 MC | C9: đầy đủ | D9: ='04_Item'!F7 | E9: -0.3135 | F9: =ABS(D9-E9) | J9: 15764390311756 | K9: ='05_NangLuc'!E7 | L9: 0.1223
A10: 208495459130 | B10: Câu 7 MC | C10: đầy đủ | D10: ='04_Item'!F8 | E10: -0.294 | F10: =ABS(D10-E10) | J10: 15764390467409 | K10: ='05_NangLuc'!E8 | L10: -0.5029
A11: 208495984573 | B11: Câu 8 MC | C11: đầy đủ | D11: ='04_Item'!F9 | E11: -0.7433 | F11: =ABS(D11-E11) | J11: 15764391262752 | K11: ='05_NangLuc'!E9 | L11: 0.0339
A12: 208496326564 | B12: Câu 9 MC | C12: đầy đủ | D12: ='04_Item'!F10 | E12: -2.5923 | F12: =ABS(D12-E12) | J12: 15764391798843 | K12: ='05_NangLuc'!E10 | L12: 0.8725
A13: 208497043631 | B13: Câu 10 MC | C13: đầy đủ | D13: ='04_Item'!F11 | E13: -1.2675 | F13: =ABS(D13-E13) | J13: 15804254532858 | K13: ='05_NangLuc'!E11 | L13: -1.0679
A14: 208497697530 | B14: Câu 24 MC | C14: đầy đủ | D14: ='04_Item'!F12 | E14: -2.5796 | F14: =ABS(D14-E14) | J14: 15807473377907 | K14: ='05_NangLuc'!E12 | L14: -0.2562
A15: 208497947837 | B15: Câu 23 MC | C15: đầy đủ | D15: ='04_Item'!F13 | E15: -0.697 | F15: =ABS(D15-E15) | J15: 15811404757372 | K15: ='05_NangLuc'!E13 | L15: -1.496
... A31: 208529022568_d | B31: Câu 25.d TF | C31: đầy đủ | D31: ='04_Item'!F29 | E31: -1.2444 | F31: =ABS(D31-E31) | J31: 15813838066017 | K31: ='05_NangLuc'!E29 | L31: -0.3568
A32: 208572448723_a | B32: Câu 26.a TF | C32: đầy đủ | D32: ='04_Item'!F34 | E32: -1.8544 | F32: =ABS(D32-E32) | J32: 15813838164392 | K32: ='05_NangLuc'!E30 | L32: -0.658
A33: 208572448723_b | B33: Câu 26.b TF | C33: đầy đủ | D33: ='04_Item'!F35 | E33: -0.4666 | F33: =ABS(D33-E33) | J33: 15813838212711 | K33: ='05_NangLuc'!E31 | L33: -1.3691
A34: 208572448723_c | B34: Câu 26.c TF | C34: đầy đủ | D34: ='04_Item'!F36 | E34: 0.1601 | F34: =ABS(D34-E34) | J34: 15813838376485 | K34: ='05_NangLuc'!E32 | L34: 0.8941
A35: 208572448723_d | B35: Câu 26.d TF | C35: đầy đủ | D35: ='04_Item'!F37 | E35: -0.7874 | F35: =ABS(D35-E35) | J35: 15813838581109 | K35: ='05_NangLuc'!E33 | L35: -0.8608
A36: 208560377855_a | B36: Câu 27.a TF | C36: nhánh | D36: ='04_Item'!F30 | E36: 1.0448 | F36: =ABS(D36-E36) | J36: 15813838636693 | K36: ='05_NangLuc'!E34 | L36: -0.1845
A37: 208560377855_b | B37: Câu 27.b TF | C37: nhánh | D37: ='04_Item'!F31 | E37: 1.9724 | F37: =ABS(D37-E37) | J37: 15813838912964 | K37: ='05_NangLuc'!E35 | L37: -1.1739
A38: 208560377855_c | B38: Câu 27.c TF | C38: nhánh | D38: ='04_Item'!F32 | E38: 1.57 | F38: =ABS(D38-E38) | J38: 15813839061384 | K38: ='05_NangLuc'!E36 | L38: 0.1328
A39: 208560377855_d | B39: Câu 27.d TF | C39: nhánh | D39: ='04_Item'!F33 | E39: 1.1384 | F39: =ABS(D39-E39) | J39: 15813839162513 | K39: ='05_NangLuc'!E37 | L39: 0.5928
A40: 208572588199_a | B40: Câu 28.a TF | C40: nhánh | D40: ='04_Item'!F38 | E40: 2.0784 | F40: =ABS(D40-E40) | J40: 15813839243038 | K40: ='05_NangLuc'!E38 | L40: -0.759
A41: 208572588199_b | B41: Câu 28.b TF | C41: nhánh | D41: ='04_Item'!F39 | E41: 1.2943 | F41: =ABS(D41-E41) | J41: 15813839459486 | K41: ='05_NangLuc'!E39 | L41: -0.5111
A42: 208572588199_c | B42: Câu 28.c TF | C42: nhánh | D42: ='04_Item'!F40 | E42: 1.2731 | F42: =ABS(D42-E42) | J42: 15813839526639 | K42: ='05_NangLuc'!E40 | L42: -0.2562
A43: 208572588199_d | B43: Câu 28.d TF | C43: nhánh | D43: ='04_Item'!F41 | E43: 1.7785 | F43: =ABS(D43-E43) | J43: 15813839766171 | K43: ='05_NangLuc'!E41 | L43: -0.8608
A44: 208572673790_a | B44: Câu 29.a TF | C44: nhánh | D44: ='04_Item'!F42 | E44: 0.709 | F44: =ABS(D44-E44) | J44: 15813839839358 | K44: ='05_NangLuc'!E42 | L44: 0.1546
A45: 208572673790_b | B45: Câu 29.b TF | C45: nhánh | D45: ='04_Item'!F43 | E45: -0.8095 | F45: =ABS(D45-E45) | J45: 15813839979701 | K45: ='05_NangLuc'!E43 | L45: 0.0502
A46: 208572673790_c | B46: Câu 29.c TF | C46: nhánh | D46: ='04_Item'!F44 | E46: 1.4092 | F46: =ABS(D46-E46) | J46: 15813840094746 | K46: ='05_NangLuc'!E44 | L46: -0.155
A47: 208572673790_d | B47: Câu 29.d TF | C47: nhánh | D47: ='04_Item'!F45 | E47: -0.329 | F47: =ABS(D47-E47) | J47: 15813840295884 | K47: ='05_NangLuc'!E45 | L47: -0.155
A48: 208576851532_a | B48: Câu 30.a TF | C48: nhánh | D48: ='04_Item'!F46 | E48: -1.173 | F48: =ABS(D48-E48) | J48: 15813840397030 | K48: ='05_NangLuc'!E46 | L48: 0.2458
A49: 208576851532_b | B49: Câu 30.b TF | C49: nhánh | D49: ='04_Item'!F47 | E49: -0.236 | F49: =ABS(D49-E49) | J49: 15813840519510 | K49: ='05_NangLuc'!E47 | L49: -0.3406
A50: 208576851532_c | B50: Câu 30.c TF | C50: nhánh | D50: ='04_Item'!F48 | E50: -0.7638 | F50: =ABS(D50-E50) | J50: 15813840724188 | K50: ='05_NangLuc'!E48 | L50: 0.7092
A51: 208576851532_d | B51: Câu 30.d TF | C51: nhánh | D51: ='04_Item'!F49 | E51: -1.0474 | F51: =ABS(D51-E51) | J51: 15813843373126 | K51: ='05_NangLuc'!E49 | L51: -0.5575
J52: 15813845765482 | K52: ='05_NangLuc'!E50 | L52: -2.8669
B53: cor(b) TẤT CẢ item | D53: =CORREL(D4:D51,E4:E51) | J53: 15813864363687 | K53: ='05_NangLuc'!E51 | L53: 1.0148
B54: cor(b) chỉ 32 câu ĐẦY ĐỦ | D54: =CORREL(D4:D35,E4:E35) | J54: 15813867832894 | K54: ='05_NangLuc'!E52 | L54: -0.7288
B55: cor(b) câu NHÁNH | D55: =CORREL(D36:D51,E36:E51) | J55: 15813868065255 | K55: ='05_NangLuc'!E53 | L55: -0.155
J56: 158476935386 | K56: ='05_NangLuc'!E54 | L56: -3.8415
A57: → Trên câu đầy đủ dữ liệu Excel≈mirt gần khít; câu nhánh lệch hơn (JMLE vs MMLE, khuyết có cấu trúc). | J57: 15952520413370 | K57: ='05_NangLuc'!E55 | L57: -0.053
J58: 16066654516916 | K58: ='05_NangLuc'!E56 | L58: -0.4572
J59: 16066657156876 | K59: ='05_NangLuc'!E57 | L59: -0.3005
J60: 16066657425375 | K60: ='05_NangLuc'!E58 | L60: 1.6109
J61: 16066658325441 | K61: ='05_NangLuc'!E59 | L61: -0.2562
J62: 16356720917693 | K62: ='05_NangLuc'!E60 | L62: 0.6078
J63: 16364972490792 | K63: ='05_NangLuc'!E61 | L63: -0.4064
J64: 16364972576152 | K64: ='05_NangLuc'!E62 | L64: -0.8608
J65: 16364972673773 | K65: ='05_NangLuc'!E63 | L65: -0.7366
J66: 16364972711539 | K66: ='05_NangLuc'!E64 | L66: -0.7131
J67: 16364972963733 | K67: ='05_NangLuc'!E65 | L67: -0.4064
J68: 16364973056366 | K68: ='05_NangLuc'!E66 | L68: -0.3011
J69: 16364973189494 | K69: ='05_NangLuc'!E67 | L69: -0.6708
... J1040: 8897233213937 | K1040: ='05_NangLuc'!E1038 | L1040: -0.155
J1042: cor(θ) | K1042: =CORREL(K4:K1040,L4:L1040)
